Method,Original_SMILES,Canonical_SMILES,UV_Filter_Score,Fingerprint,MolWt,LogP,TPSA,SA_Score,Lmax,OS,SA_inverse,LogP_score,TPSA_score,UV_Filter_Score_norm,SA_inverse_norm,TPSA_score_norm,LogP_score_norm
RL,Cc1ccc(OCCC(=O)N[C@@H](C)C2CCOCC2)cc1C,Cc1ccc(OCCC(=O)N[C@@H](C)C2CCOCC2)cc1C,0.0005120242214309508,<rdkit.DataStructs.cDataStructs.ExplicitBitVect object at 0x7f2f261d4bd0>,305.41800000000006,3.0036400000000016,47.56,2.583133375996935,264.4755859375,0.018374040722846985,-2.583133375996935,0.999997055648779,0.9855419800738191,0.00045168829329044613,0.7846884362057583,0.985542856111524,0.9999970553662811
RL,OCC12CC1CN(c1cc(Oc3ccccc3)ccn1)C2,OCC12CC1CN(c1cc(Oc3ccccc3)ccn1)C2,0.5069758048475195,<rdkit.DataStructs.cDataStructs.ExplicitBitVect object at 0x7f2f09f281d0>,282.3430000000001,2.692500000000001,45.59,3.3134256555030674,294.4501953125,0.28351834416389465,-3.3134256555030674,0.9792067244089038,0.9992267435614104,0.5226764971442033,0.624587780149717,0.9992276317633549,0.9792047293831883
RL,O=C(Cc1ccncc1Cl)NC1CC2(C1)C(F)(F)C21CC1,O=C(Cc1ccncc1Cl)NC1CC2(C1)C(F)(F)C21CC1,0.8474077744188286,<rdkit.DataStructs.cDataStructs.ExplicitBitVect object at 0x7f2f3b36bc90>,312.74700000000007,2.9716000000000014,41.99,3.790030135064253,292.29998779296875,0.8431563973426819,-3.790030135064253,0.9998207805061771,0.9800677710699421,0.8737026258366505,0.5201026418040183,0.9800686422416813,0.9998207633108344
RL,CCc1cccc2c(F)c(C(=O)N3CCC34COC4)[nH]c12,CCc1cccc2c(F)c(C(=O)N3CCC34COC4)[nH]c12,0.540668824739903,<rdkit.DataStructs.cDataStructs.ExplicitBitVect object at 0x7f2f261d5120>,288.32199999999995,2.4843,45.33,3.558855687440185,293.640625,0.3239789605140686,-3.558855687440185,0.9426132384316,0.9997580292796381,0.5574180355246156,0.5707825979895546,0.9997589179538369,0.9426077324176699
RL,CC(C)CCn1cc(CN[C@@H](C(C)C)C(F)(F)F)nn1,CC(C)CCn1cc(CN[C@@H](C(C)C)C(F)(F)F)nn1,0.0005596450923343781,<rdkit.DataStructs.cDataStructs.ExplicitBitVect object at 0x7f2f09f36f20>,292.349,3.000700000000002,42.74,3.327942233509635,236.41311645507812,0.04584263637661934,-3.327942233509635,0.999999891111117,0.9887139485364371,0.0005007911139780649,0.6214053369995418,0.9887148273936709,0.9999998911006696
RL,Cc1ccc2c(c1)N(C(=O)c1cn(C)nc1C)CCN2C1CC1,Cc1ccc2c(c1)N(C(=O)c1cn(C)nc1C)CCN2C1CC1,0.7916364810266538,<rdkit.DataStructs.cDataStructs.ExplicitBitVect object at 0x7f2f09f5c400>,310.40100000000007,2.6661400000000004,41.370000000000005,2.5023662152815263,311.2898254394531,0.6392818689346313,-2.5023662152815263,0.9755348011573663,0.9711425636454563,0.8161957435180526,0.8023948748210827,0.9711434268836743,0.9755324538263452
RL,CC1(CNC(=O)Nc2cc(-n3cccc3)cc(Cl)c2)COC1,CC1(CNC(=O)Nc2cc(Cl)cc(-n3cccc3)c2)COC1,0.8593745255417993,<rdkit.DataStructs.cDataStructs.ExplicitBitVect object at 0x7f2f09f5d940>,319.79200000000014,3.288700000000002,55.290000000000006,2.588706235598668,290.0492858886719,0.6485023498535156,-2.588706235598668,0.9816487638565333,0.7903352946149862,0.8860417793098453,0.7834667082710896,0.7903359971355601,0.9816470031340413
RL,N#Cc1cccnc1Oc1ccc(NC(CCO)C2CC2)cc1,N#Cc1cccnc1Oc1ccc(NC(CCO)C2CC2)cc1,0.8848702416897362,<rdkit.DataStructs.cDataStructs.ExplicitBitVect object at 0x7f2f09f5f4c0>,309.3690000000001,3.318480000000002,78.17,2.891168018718366,314.27056884765625,1.0478484630584717,-2.891168018718366,0.9777122343011242,0.08672634689920888,0.9123309158704384,0.7171585584134856,0.08672642398932831,0.9777100958854852
RL,N#CC1(C2CCC2)CCN(c2cc(N3CCCC3)ncn2)CC1,N#CC1(C2CCC2)CCN(c2cc(N3CCCC3)ncn2)CC1,0.8454859547553024,<rdkit.DataStructs.cDataStructs.ExplicitBitVect object at 0x7f2f09fa6750>,311.43300000000005,2.9870800000000015,56.050000000000004,2.8672869601150506,324.4925231933594,0.769446611404419,-2.8672869601150506,0.9999629059324464,0.7623580979346084,0.8717209996181078,0.7223939597137556,0.762358775586552,0.9999629023734296
RL,COc1ccc(C(=O)OCc2ccc(C#N)cc2)c(OC)c1,COc1ccc(C(=O)OCc2ccc(C#N)cc2)c(OC)c1,0.0006774122330970436,<rdkit.DataStructs.cDataStructs.ExplicitBitVect object at 0x7f2f09fa6d40>,297.31,2.932480000000001,68.55,1.798026086715291,259.8565979003906,0.10817134380340576,-1.798026086715291,0.9989874129237472,0.29157733739266356,0.0006222231391816725,0.9568060877484732,0.2915775965726335,0.998987315770355
RL,CN(CCNC(=O)COc1ccccc1F)Cc1cccc(F)c1,CN(CCNC(=O)COc1ccccc1F)Cc1cccc(F)c1,0.0005860292457578333,<rdkit.DataStructs.cDataStructs.ExplicitBitVect object at 0x7f2f09fb5120>,334.366,2.5918,41.57000000000001,1.9161423062524605,242.3505096435547,0.07818052917718887,-1.9161423062524605,0.9636488872561801,0.9741945789695589,0.000527996335763568,0.9309116824953483,0.9741954449206806,0.963645399522639
RL,CCC1c2ccccc2CCN1C(=O)c1ccn(CCF)n1,CCC1c2ccccc2CCN1C(=O)c1ccn(CCF)n1,0.0005519181899911699,<rdkit.DataStructs.cDataStructs.ExplicitBitVect object at 0x7f2f09fb70b0>,301.36499999999995,3.002200000000001,38.13,2.9441495050291913,257.71630859375,0.041495323181152344,-2.9441495050291913,0.9999989244450228,0.9004307671482368,0.0004928237523353365,0.7055435229609356,0.9004315675314966,0.9999989243418279
RL,CSc1cccc(NC(=O)CNC(=O)OC(C)(C)C)c1,CSc1cccc(NC(=O)CNC(=O)OC(C)(C)C)c1,0.0009954760970128523,<rdkit.DataStructs.cDataStructs.ExplicitBitVect object at 0x7f2f09fb64d0>,296.392,2.8717000000000015,67.43,1.9387978466734896,252.63880920410156,0.23906108736991882,-1.9387978466734896,0.9963487066867176,0.32692944728932416,0.0009501850722748599,0.9259449493304244,0.3269297378934058,0.9963483563607661
RL,O=C(N[C@H]1C[C@H](Cn2cccn2)C1)c1ccc(Br)c(F)c1,O=C(N[C@H]1C[C@H](Cn2cccn2)C1)c1ccc(Br)c(F)c1,0.0005882805412915971,<rdkit.DataStructs.cDataStructs.ExplicitBitVect object at 0x7f2f09e14d10>,352.207,2.9933000000000014,46.92,2.3939489659341238,259.23504638671875,0.06157124787569046,-2.3939489659341238,0.9999900244942002,0.991841462993374,0.0005303176910603541,0.8261629923753979,0.9918423446306218,0.9999900235370931
RL,Nc1cccc(CNC(=O)N2CCC(C(=O)c3ccc(F)cc3)CC2)c1,Nc1cccc(CNC(=O)N2CCC(C(=O)c3ccc(F)cc3)CC2)c1,0.7595879367795307,<rdkit.DataStructs.cDataStructs.ExplicitBitVect object at 0x7f2f09e42a70>,355.41300000000007,3.2124000000000024,75.43,2.008456932291102,319.4437255859375,0.46332013607025146,-2.008456932291102,0.9900248056057277,0.12774180224865903,0.7831498564603162,0.910673713935213,0.12774191579697725,0.9900238485285588
RL,CN(CCC=Cc1ccccc1)CC1CCN(C(=O)c2cnccn2)C1,CN(CCC=Cc1ccccc1)CC1CCN(C(=O)c2cnccn2)C1,0.7941031249844552,<rdkit.DataStructs.cDataStructs.ExplicitBitVect object at 0x7f2f09e26660>,350.46600000000007,2.974000000000001,49.33,2.9007487547150035,303.1559753417969,0.5466263294219971,-2.9007487547150035,0.9998497890605709,0.9591918017973435,0.8187391488288405,0.7150581909830663,0.9591926544126573,0.9998497746484747
RL,O=C(O)c1cnc(N2CCN(c3ccccc3)CC2)c(Cl)c1,O=C(O)c1cnc(N2CCN(c3ccccc3)CC2)c(Cl)c1,0.6212921249584374,<rdkit.DataStructs.cDataStructs.ExplicitBitVect object at 0x7f2f09e27ab0>,317.77600000000007,2.759800000000001,56.67,1.8991607198241187,304.07611083984375,0.36967888474464417,-1.8991607198241187,0.9872605010324409,0.7388635621835391,0.6405503130065429,0.9346345249850545,0.7388642189514415,0.9872592787320904
RL,CC1(C)CC1CCC(=O)N1C[C@@H](F)C[C@H]1CNC(=O)C(F)C1CCC1,CC1(C)CC1CCC(=O)N1C[C@@H](F)C[C@H]1CNC(=O)C(F)C1CCC1,0.2219281080455225,<rdkit.DataStructs.cDataStructs.ExplicitBitVect object at 0x7f2f09e6c310>,356.4570000000001,3.0061000000000018,49.410000000000004,4.254436569390464,295.6565246582031,-0.002675197785720229,-4.254436569390464,0.9999917311452983,0.9577025881442325,0.22875818616094412,0.4182916588609227,0.9577034394358003,0.999991730351937
RL,Cc1ccnc(NC(=O)N2C[C@H]3CC[C@@H]3C2)c1Br,Cc1ccnc(NC(=O)N2C[C@H]3CC[C@@H]3C2)c1Br,0.4483472551235912,<rdkit.DataStructs.cDataStructs.ExplicitBitVect object at 0x7f2f09e6d8a0>,310.19499999999994,3.0262200000000012,45.230000000000004,3.3412964393141618,324.30670166015625,0.22124499082565308,-3.3412964393141618,0.9998472364695365,0.999882451353828,0.4622234413799082,0.6184777186056325,0.9998833401386242,0.9998472218125303
RL,O=C(Nc1cccc(-c2cnccn2)c1)C1CC2CCC(C1)S2,O=C(Nc1cccc(-c2cnccn2)c1)C1CC2CCC(C1)S2,0.9182586329121565,<rdkit.DataStructs.cDataStructs.ExplicitBitVect object at 0x7f2f09f89940>,325.43700000000007,3.756300000000003,54.88,4.29391808921109,295.8983459472656,0.9237571954727173,-4.29391808921109,0.8806378363734475,0.8049936507281605,0.9467583456116399,0.4096361966538644,0.8049943662783902,0.8806263840851899
RL,O=C(CCOc1ccccc1)N1CCN(Cc2cccc(F)c2)CC1,O=C(CCOc1ccccc1)N1CCN(Cc2cccc(F)c2)CC1,0.0004716356384179835,<rdkit.DataStructs.cDataStructs.ExplicitBitVect object at 0x7f2f09e9be20>,342.41400000000004,2.939000000000002,32.78,1.7826415417614676,260.1048278808594,-0.004227935802191496,-1.7826415417614676,0.9991734528895176,0.7176014921421511,0.0004100428275127506,0.9601788137231974,0.7176021300104273,0.9991733735858633
RL,COC(CNC1(c2cccc(F)c2)CC1)c1ccc(C#N)cc1,COC(CNC1(c2cccc(F)c2)CC1)c1ccc(C#N)cc1,0.0009514201530168498,<rdkit.DataStructs.cDataStructs.ExplicitBitVect object at 0x7f2f09e594e0>,310.372,3.6637800000000027,45.05,2.9668482876801754,258.2568664550781,0.19397319853305817,-2.9668482876801754,0.90672871485497,0.9999944444598765,0.0009047581181427842,0.7005673098801214,0.9999953333442222,0.9067197658747305
RL,O=C(NCCN1CCN(C2CC2)CC1)c1ccc2ccccc2c1Cl,O=C(NCCN1CCN(C2CC2)CC1)c1ccc2ccccc2c1Cl,0.5442780511839391,<rdkit.DataStructs.cDataStructs.ExplicitBitVect object at 0x7f2f09e84d10>,357.885,3.003000000000002,35.580000000000005,2.0824358515612573,310.5906066894531,0.29474613070487976,-2.0824358515612573,0.999998000002,0.8210329798462791,0.5611395802074485,0.8944554492186827,0.8210337096536965,0.9999979998101087
RL,Cc1ccc(F)cc1NC(=O)CCN1C(=O)CCc2ccccc21,Cc1ccc(F)cc1NC(=O)CCN1C(=O)CCc2ccccc21,0.632750936684814,<rdkit.DataStructs.cDataStructs.ExplicitBitVect object at 0x7f2f09e6d3a0>,326.371,3.442120000000002,49.410000000000004,1.9450359714108316,319.1157531738281,0.3390125036239624,-1.9450359714108316,0.9574921094394918,0.9577025881442325,0.652365720134113,0.924577376522886,0.9577034394358003,0.9574880309894945
RL,CC(C)(C)OC(=O)NC(C)(CNc1cc(C#N)ccn1)C1CC1,CC(C)(C)OC(=O)NC(C)(CNc1cc(C#N)ccn1)C1CC1,0.8544041959510995,<rdkit.DataStructs.cDataStructs.ExplicitBitVect object at 0x7f2f09ede0c0>,316.4050000000001,3.058580000000002,87.04,3.2834311813621753,297.4149475097656,0.7917742133140564,-3.2834311813621753,0.9992377092690938,0.0196934295899509,0.8809167742853586,0.6311634144851372,0.01969344709522838,0.9992376361305638
RL,O=C(CNC(=O)c1ccccc1Cl)Nc1ccc(C(=O)O)cc1,O=C(CNC(=O)c1ccccc1Cl)Nc1ccc(C(=O)O)cc1,0.0008346867613982206,<rdkit.DataStructs.cDataStructs.ExplicitBitVect object at 0x7f2f09d3ef20>,332.7430000000001,2.4067,95.50000000000001,1.6009989075892186,272.8860778808594,0.20263035595417023,-1.6009989075892186,0.9247578968260052,0.003457455993922392,0.0007843920121021952,1.0,0.003457459067216911,0.9247506776685396
RL,Cc1ncc2ccc(N3CCC(NC4CCC4)CC3)nc2c1Cl,Cc1ncc2ccc(N3CCC(NC4CCC4)CC3)nc2c1Cl,0.8431209640268063,<rdkit.DataStructs.cDataStructs.ExplicitBitVect object at 0x7f2f09d4d3f0>,330.86299999999994,3.7025200000000025,41.050000000000004,2.603690821924882,294.55438232421875,0.5262155532836914,-2.603690821924882,0.896125955915159,0.965921972132274,0.8692824109601068,0.7801816645031646,0.9659228307299642,0.8961159896456209
RL,CC(C)c1nccn1CC(=O)N(C)C(C)C1CCSCC1,CC(C)c1nccn1CC(=O)N(C)C(C)C1CCSCC1,0.0010342812825192855,<rdkit.DataStructs.cDataStructs.ExplicitBitVect object at 0x7f2f09d20590>,309.47900000000004,2.9966000000000017,38.13,3.385009821325003,256.12091064453125,0.24698837101459503,-3.385009821325003,0.9999974311144108,0.9004307671482368,0.000990197865605253,0.6088945129018876,0.9004315675314966,0.9999974308679371
RL,O=C(OC1(c2ccccn2)CC1)c1ccc2c(c1)C=CC2,O=C(OC1(c2ccccn2)CC1)c1ccc2c(c1)C=CC2,0.8810428186450204,<rdkit.DataStructs.cDataStructs.ExplicitBitVect object at 0x7f2f09d94f90>,277.323,3.4970000000000026,39.19,2.8670766595242245,299.1266174316406,0.6686834692955017,-2.8670766595242245,0.9465884256338954,0.9277309103354201,0.9083843843624057,0.7224400635320557,0.9277317349854846,0.9465833010221479
RL,Cc1ccc(C(=O)N2CCC3(CCCN(CCCF)C3)CC2)[nH]1,Cc1ccc(C(=O)N2CCC3(CCCN(CCCF)C3)CC2)[nH]1,0.0008491026580773092,<rdkit.DataStructs.cDataStructs.ExplicitBitVect object at 0x7f2f09d95530>,321.44000000000005,3.0009200000000016,39.34,3.2813589278092756,271.7013244628906,0.17839089035987854,-3.2813589278092756,0.9999998119111287,0.9312847242277263,0.00079925652793854,0.631617710884872,0.9312855520367379,0.9999998118930824
RL,Cc1ccc2c(CCNC(=O)C(C)CC3CCC3)c[nH]c2c1,Cc1ccc2c(CCNC(=O)C(C)CC3CCC3)c[nH]c2c1,0.001983788024636274,<rdkit.DataStructs.cDataStructs.ExplicitBitVect object at 0x7f2f09d209f0>,298.42999999999995,3.9613200000000024,44.89,2.7175616638381257,269.0962219238281,0.7225189208984375,-2.7175616638381257,0.8143511749145433,0.999973111472614,0.0019692530238867045,0.7552179657108224,0.9999740003379971,0.8143333627050879
RL,COc1ccc(NC(=O)CNC(=O)c2cc(C)ccc2OC)cc1C,COc1ccc(NC(=O)CNC(=O)c2cc(C)ccc2OC)cc1C,0.000988715184824837,<rdkit.DataStructs.cDataStructs.ExplicitBitVect object at 0x7f2f09d7ab60>,342.3950000000001,2.689140000000001,76.66000000000001,1.7811047478823259,272.091796875,0.24607831239700317,-1.7811047478823259,0.9787547204023683,0.10780223489162452,0.0009432137621632474,0.9605157222667737,0.10780233071587496,0.9787526820088048
RL,N#Cc1ccc(N2CC(Nc3ccc(O)nn3)CC3(CC3)C2)c(Cl)c1,N#Cc1ccc(N2CC(Nc3ccc(O)nn3)CC3(CC3)C2)c(Cl)c1,0.8696161124991156,<rdkit.DataStructs.cDataStructs.ExplicitBitVect object at 0x7f2f09dc3560>,355.8290000000002,3.1782800000000018,85.07000000000001,3.8644705957835077,322.44866943359375,0.8744149804115295,-3.8644705957835077,0.9929618273458695,0.02821191453885267,0.8966020819330711,0.5037831941900762,0.028211939616120146,0.9929611520633546
RL,COc1ccc(C(O)CN2CCc3cccc(F)c32)cc1OCC(C)C,COc1ccc(C(O)CN2CCc3cccc(F)c32)cc1OCC(C)C,0.9319448182325061,<rdkit.DataStructs.cDataStructs.ExplicitBitVect object at 0x7f2f09dd90d0>,359.4410000000001,3.965200000000003,41.93000000000001,2.7960029502671073,293.7012634277344,0.9627149701118469,-2.7960029502671073,0.8129995885235438,0.9792735847505433,0.9608704416513257,0.7380214243100937,0.9792744552163388,0.8129816466351643
RL,CC(C)(C(=O)N1CCCC(CNc2nnccc2C#N)C1)c1ccccc1,CC(C)(C(=O)N1CCCC(CNc2nnccc2C#N)C1)c1ccccc1,0.8484835837845713,<rdkit.DataStructs.cDataStructs.ExplicitBitVect object at 0x7f2f09dea660>,363.46500000000015,2.976580000000001,81.91,3.078595266523614,290.04296875,0.8607218861579895,-3.078595266523614,0.9998781193391625,0.04843947385121167,0.8748119141251249,0.6760692217485943,0.04843951690853988,0.9998781076452352
RL,CC(C)n1cccc(C(=O)Nc2ccccc2OCCF)c1=O,CC(C)n1cccc(C(=O)Nc2ccccc2OCCF)c1=O,0.5774698516281409,<rdkit.DataStructs.cDataStructs.ExplicitBitVect object at 0x7f2f09dea980>,318.34800000000007,3.0298000000000016,60.330000000000005,2.229867417204604,296.59637451171875,0.3180829882621765,-2.229867417204604,0.9998026772484733,0.5931891259833986,0.5953643013137894,0.8621342936413138,0.5931896532628556,0.9998026583162006
RL,N#Cc1ccccc1OC1CCN(Cc2ncc(C3CC3)o2)CC1,N#Cc1ccccc1OC1CCN(Cc2ncc(C3CC3)o2)CC1,0.8787227417222307,<rdkit.DataStructs.cDataStructs.ExplicitBitVect object at 0x7f2f09d96c00>,323.39600000000013,3.467080000000002,62.29,2.526588628165843,326.5122985839844,0.6690645217895508,-2.526588628165843,0.9526756037427445,0.5146232382717351,0.9059921072166925,0.7970846390389628,0.5146236957148163,0.9526710631696593
RL,COC(=O)c1c(C)sc(C)c1NC(=O)c1ccc(OC)c(C#N)c1,COC(=O)c1c(C)sc(C)c1NC(=O)c1ccc(OC)c(C#N)c1,0.868924040024855,<rdkit.DataStructs.cDataStructs.ExplicitBitVect object at 0x7f2f09de83b0>,344.3920000000001,3.2841200000000015,88.41999999999999,2.454064756652741,314.3900146484375,0.706838071346283,-2.454064756652741,0.9822212353491283,0.015153139275993148,0.8958884723337135,0.8129839162664638,0.015153152745455216,0.9822195295528235
RL,Cc1ccc(OCCC(=O)Nc2nccn2CC2CC2)cc1,Cc1ccc(OCCC(=O)Nc2nccn2CC2CC2)cc1,0.7328833921984836,<rdkit.DataStructs.cDataStructs.ExplicitBitVect object at 0x7f2f09de8db0>,299.37400000000014,3.009120000000001,56.15,2.2397475330109327,329.4296569824219,0.45332252979278564,-2.2397475330109327,0.9999815169708133,0.7586063931323203,0.7556142730232375,0.8599682937164992,0.7586070674494135,0.9999815151974458
RL,CCOc1ccc(C(=O)CN2CCCC(F)(F)C2)cc1,CCOc1ccc(C(=O)CN2CCCC(F)(F)C2)cc1,0.28918146039104603,<rdkit.DataStructs.cDataStructs.ExplicitBitVect object at 0x7f2f09dea7f0>,283.3179999999999,2.999100000000001,29.54,2.204991619567263,299.97686767578125,0.07919535785913467,-2.204991619567263,0.9999998200000162,0.5879361714750423,0.29810444628206717,0.8675877697815091,0.5879366940852043,0.999999819982746
RL,N#Cc1cccc(N2CCC[C@@H]2CNC(=O)c2ccc(Cl)cc2)c1,N#Cc1cccc(N2CCC[C@@H]2CNC(=O)c2ccc(Cl)cc2)c1,0.8927002568779708,<rdkit.DataStructs.cDataStructs.ExplicitBitVect object at 0x7f2f09debb00>,339.826,3.6104800000000017,56.13,2.51148771437426,295.4494934082031,0.6858229637145996,-2.51148771437426,0.9205176782680367,0.7593579540854869,0.9204045992045571,0.8003951850667986,0.7593586290706347,0.9205100522797652
RL,CCN1CC(NC(=O)c2ccc(COc3ccccc3)cc2)C1,CCN1CC(NC(=O)c2ccc(COc3ccccc3)cc2)C1,0.0005492360636222902,<rdkit.DataStructs.cDataStructs.ExplicitBitVect object at 0x7f2f09c33880>,310.39700000000005,2.6995000000000005,41.57000000000001,1.7664264862605474,264.8953552246094,0.05287016183137894,-1.7664264862605474,0.9801332744548557,0.9741945789695589,0.0004900581588538624,0.9637336110235851,0.9741954449206806,0.9801313683276478
RL,COc1ccc(NC(=O)N2CCC(N(C)c3ccccc3)CC2)cc1,COc1ccc(NC(=O)N2CCC(N(C)c3ccccc3)CC2)cc1,0.0015754391081059806,<rdkit.DataStructs.cDataStructs.ExplicitBitVect object at 0x7f2f09c302c0>,339.4390000000001,3.827900000000003,44.81,1.9230858515612574,282.855224609375,0.3978639245033264,-1.9230858515612574,0.8587175683929782,0.9999197809954942,0.0015481963895585967,0.9293894616113414,0.9999206698134723,0.8587040129489133
RL,Cc1nnccc1C(=O)N(C)Cc1ccc(C(F)F)cc1,Cc1nnccc1C(=O)N(C)Cc1ccc(C(F)F)cc1,0.0005741088512947034,<rdkit.DataStructs.cDataStructs.ExplicitBitVect object at 0x7f2f09c331f0>,291.301,2.9948200000000016,46.09,2.4247757159228858,282.7629699707031,0.0539574921131134,-2.4247757159228858,0.9999940372622216,0.9973632600990943,0.0005157049815580608,0.8194048997106173,0.9973641466446084,0.9999940366901225
RL,CCNC(=O)c1ccccn1,CCNC(=O)c1ccccn1,0.00032779119932458355,<rdkit.DataStructs.cDataStructs.ExplicitBitVect object at 0x7f2f09c48680>,150.18099999999998,0.8313000000000001,41.99,1.6733298648332102,256.6528625488281,0.021512232720851898,-1.6733298648332102,0.3516324517764798,0.9800677710699421,0.00026172198487133685,0.984143015018924,0.9800686422416813,0.35157024368780615
RL,CNc1ccc(C#N)cc1NC(=O)c1cccnc1Br,CNc1ccc(C#N)cc1NC(=O)c1cccnc1Br,0.8255367776186942,<rdkit.DataStructs.cDataStructs.ExplicitBitVect object at 0x7f2f09c05760>,331.173,3.009780000000001,77.81,2.3666528833035265,309.3147888183594,0.6203160285949707,-2.3666528833035265,0.9999787450258901,0.09142708080101344,0.8511510089980093,0.8321470632187511,0.09142716206956486,0.9999787429865663
RL,Cc1cnccc1-c1nnc(N2CCN(C3CCC3)CC2)cc1Cl,Cc1cnccc1-c1nnc(N2CCN(C3CCC3)CC2)cc1Cl,0.0016334344882674955,<rdkit.DataStructs.cDataStructs.ExplicitBitVect object at 0x7f2f09c062a0>,343.8620000000001,3.174920000000002,45.150000000000006,2.5785659143579114,284.6711730957031,0.465321809053421,-2.5785659143579114,0.9932237284199822,0.9999500012499791,0.0016079965716795036,0.785689752562838,0.9999508900948197,0.9932230782657533
RL,Cc1ccccc1OCC(=O)Nc1cc2c(cc1F)NC(=O)CC2,Cc1ccccc1OCC(=O)Nc1cc2c(cc1F)NC(=O)CC2,0.5631647596835596,<rdkit.DataStructs.cDataStructs.ExplicitBitVect object at 0x7f2f09c90a40>,328.34300000000013,3.036320000000001,67.43,2.1234986410940913,305.7804870605469,0.30707594752311707,-2.1234986410940913,0.9997069002065839,0.32692944728932416,0.5806140384280234,0.8854533281115778,0.3269297378934058,0.9997068720849144
RL,CC(CC(=O)c1ccccc1F)C(=O)N1CC2CC1(CF)C2,CC(CC(=O)c1ccccc1F)C(=O)N1CC2CC1(CF)C2,0.20535172271709468,<rdkit.DataStructs.cDataStructs.ExplicitBitVect object at 0x7f2f09c49b70>,307.34000000000003,2.9951000000000016,37.38,4.12510124233334,294.56146240234375,-0.025912772864103317,-4.12510124233334,0.9999946644586785,0.8789458388287157,0.2116659478001357,0.446645608771322,0.8789466201142528,0.9999946639467561
RL,Cc1ccc(NC(=O)c2cncc(N(C)C)c2)cc1C,Cc1ccc(NC(=O)c2cncc(N(C)C)c2)cc1C,0.33949510457462395,<rdkit.DataStructs.cDataStructs.ExplicitBitVect object at 0x7f2f09c930b0>,269.348,3.0167400000000013,45.230000000000004,1.947098732454375,296.7739562988281,0.1291407197713852,-1.947098732454375,0.9999377291389105,0.999882451353828,0.3499838386916897,0.9241251611488148,0.9998833401386242,0.9999377231642881
RL,COc1ccc(-c2ccccc2)cc1NC(=O)COCC1CCC1,COc1ccc(-c2ccccc2)cc1NC(=O)COCC1CCC1,0.8248457877602371,<rdkit.DataStructs.cDataStructs.ExplicitBitVect object at 0x7f2f09c77740>,325.4080000000002,4.117400000000003,47.56,1.8538361484716237,299.0106506347656,0.4719744920730591,-1.8538361484716237,0.7577037237176567,0.9855419800738191,0.8504385157051927,0.9445709488151142,0.985542856111524,0.7576804764279341
RL,CC(=O)c1ccc(NC(=O)c2ccc3nccnc3c2)cc1,CC(=O)c1ccc(NC(=O)c2ccc3nccnc3c2)cc1,0.001109968643041526,<rdkit.DataStructs.cDataStructs.ExplicitBitVect object at 0x7f2f09c90e00>,291.31,3.0847000000000016,71.95,1.7897914890548883,333.2110595703125,0.26928219199180603,-1.7897914890548883,0.9984070279068552,0.19908855453915475,0.001068240598162151,0.9586113437052795,0.1990887315068366,0.9984068750680071
RL,CCOCc1ccc(CNC(=O)N2CCCN(C3CC3)CC2)cc1,CCOCc1ccc(CNC(=O)N2CCCN(C3CC3)CC2)cc1,0.00046851240705659256,<rdkit.DataStructs.cDataStructs.ExplicitBitVect object at 0x7f2f09c93e70>,331.46000000000015,2.602800000000001,44.81,2.0408314661973765,240.9039764404297,0.008566168136894703,-2.0408314661973765,0.9655479451335487,0.9999197809954942,0.00040682240195994345,0.903576303400614,0.9999206698134723,0.9655446396064754
RL,Cc1ccc(-c2nnc(N3CCC(C)C3)n2CCC#N)c(C)c1,Cc1ccc(-c2nnc(N3CCC(C)C3)n2CCC#N)c(C)c1,0.8855058620532427,<rdkit.DataStructs.cDataStructs.ExplicitBitVect object at 0x7f2f09cb8bd0>,309.417,3.3218200000000015,57.74,2.952957400106209,290.4570007324219,1.1819069385528564,-2.952957400106209,0.9772476919534001,0.6971995884992362,0.9129863165832467,0.7036125840480157,0.6972002082324789,0.977245508966913
RL,Cc1sc(O)nc1C(=O)N1CCc2cccc(Cl)c21,Cc1sc(O)nc1C(=O)N1CCc2cccc(Cl)c21,0.41418173531613217,<rdkit.DataStructs.cDataStructs.ExplicitBitVect object at 0x7f2f09cb9210>,294.763,3.0134200000000018,53.43000000000001,2.7886747780673335,291.52783203125,0.19452354311943054,-2.7886747780673335,0.9999599793786242,0.8539163848489536,0.42699469900333376,0.7396279662519978,0.8539171438860773,0.9999599755388171
RL,COc1ccc(C(=O)N2CC(Cc3cccc(C)c3)C2)cc1C#N,COc1ccc(C(=O)N2CC(Cc3cccc(C)c3)C2)cc1C#N,0.6249692746252791,<rdkit.DataStructs.cDataStructs.ExplicitBitVect object at 0x7f2f09cbb100>,320.39200000000005,3.190000000000002,53.33,2.1246948016938063,292.3479919433594,0.34529179334640503,-2.1246948016938063,0.9920098699283417,0.8571026788888736,0.6443418946661607,0.8851910959859797,0.85710344075826,0.9920091033095907
RL,CS(=O)(=O)c1cccc(NC(=O)CNc2ccc(Cl)cc2)c1,CS(=O)(=O)c1cccc(NC(=O)CNc2ccc(Cl)cc2)c1,0.000981181814142882,<rdkit.DataStructs.cDataStructs.ExplicitBitVect object at 0x7f2f09cd1940>,338.81600000000003,2.794100000000001,75.27,1.7535611882081952,268.6625671386719,0.23774389922618866,-1.7535611882081952,0.9906231703446587,0.13052871997446153,0.000935445954839447,0.9665540470549383,0.13052883600004106,0.9906222706780232
RL,COc1cccc(CN(C)C(=O)[C@@H]2C[C@H]2c2ccncc2F)c1OC,COc1cccc(CN(C)C(=O)[C@@H]2C[C@H]2c2ccncc2F)c1OC,0.0004853561918360738,<rdkit.DataStructs.cDataStructs.ExplicitBitVect object at 0x7f2f09cd3e70>,344.3860000000001,3.0000000000000018,51.66,3.134991435019252,244.16127014160156,0.002141433535143733,-3.134991435019252,1.0,0.90613407340225,0.0004241903611769217,0.6637055916944675,0.9061348788551177,1.0
RL,Cc1cc(CNC[C@@H](O)c2ccccc2Br)ncc1,Cc1ccnc(CNC[C@@H](O)c2ccccc2Br)c1,0.00044505264633905046,<rdkit.DataStructs.cDataStructs.ExplicitBitVect object at 0x7f2f09b00180>,321.2180000000001,2.975720000000001,45.150000000000006,2.6122212452131066,244.73211669921875,-0.02335636131465435,-2.6122212452131066,0.9998690044917721,0.9999500012499791,0.0003826325792617406,0.7783115552288286,0.9999508900948197,0.9998689919233142
RL,N#Cc1cccc(-c2cc(CN3CCC(N)C4(CCC4)CC3)on2)c1,N#Cc1cccc(-c2cc(CN3CCC(N)C4(CCC4)CC3)on2)c1,0.8807065706638891,<rdkit.DataStructs.cDataStructs.ExplicitBitVect object at 0x7f2f09ce8ae0>,336.4390000000001,3.306680000000002,79.08,3.5851266087845906,312.1231384277344,0.8412004113197327,-3.5851266087845906,0.9793163206599815,0.07569887348176432,0.9080376724268439,0.5650232714014654,0.07569894076968078,0.9793143361495569
RL,CC(=O)c1ccc(NC(=O)c2ccc(C3CC3)cc2)cc1O,CC(=O)c1ccc(NC(=O)c2ccc(C3CC3)cc2)cc1O,0.0015917938646183313,<rdkit.DataStructs.cDataStructs.ExplicitBitVect object at 0x7f2f09ce9440>,295.33799999999997,3.724500000000003,66.4,1.8355031806419895,362.18609619140625,0.40875378251075745,-1.8355031806419895,0.8899014969192415,0.36142927889930626,0.001565060102069109,0.9485900522061066,0.36142960016991854,0.8898909334395281
RL,CN(CCNC(=O)c1c[nH]cc1-c1ccccc1)C(=O)C1(C2CC2)CC1,CN(CCNC(=O)c1c[nH]cc1-c1ccccc1)C(=O)C1(C2CC2)CC1,0.8427983461344998,<rdkit.DataStructs.cDataStructs.ExplicitBitVect object at 0x7f2f09ca4950>,351.4500000000002,3.060100000000001,65.2,2.6918611016870546,293.4977722167969,0.6761612892150879,-2.6918611016870546,0.9991976531636108,0.40383231237858086,0.8689497532783801,0.7608522534841755,0.40383267134079526,0.999197576181869
HC,CCOC(=O)c1csc(-c2cnc(C)s2)n1,CCOC(=O)c1csc(-c2cnc(C)s2)n1,0.7156865896026251,<rdkit.DataStructs.cDataStructs.ExplicitBitVect object at 0x7f2f09b17f10>,254.33599999999998,2.7517200000000006,52.08,2.4675669368867936,300.58807373046875,0.4626000225543976,-2.4675669368867936,0.986394961414596,0.8945880016904011,0.7378823101623053,0.8100238577059097,0.8945887968800892,0.9863936560694272
HC,CCSCc1ccc(NC(=O)CCC(C)=O)cc1,CCSCc1ccc(NC(=O)CCC(C)=O)cc1,0.2230695130721644,<rdkit.DataStructs.cDataStructs.ExplicitBitVect object at 0x7f2f09b000e0>,265.37799999999993,3.2474000000000016,46.17,1.9206508106072988,301.0724182128906,-0.00966175552457571,-1.9206508106072988,0.986490580249705,0.9969626221939075,0.22993511143114348,0.9299232912370847,0.996963508383299,0.9864892840787538
HC,Cc1ccoc1-c1nsc(NC2(C3CCCOC3)CC2)n1,Cc1ccoc1-c1nsc(NC2(C3CCCOC3)CC2)n1,0.8985854647786414,<rdkit.DataStructs.cDataStructs.ExplicitBitVect object at 0x7f2f09b41080>,305.4030000000001,3.4776200000000017,60.18000000000001,3.8826677506201284,314.37017822265625,1.0521506071090698,-3.8826677506201284,0.9505699514195628,0.5992526401021507,0.9264729533268918,0.4997938648359901,0.5992531727714004,0.9505652088181576
HC,COC1CC2(CC(NC(=O)CCc3cncc4ccccc34)C2)C1,COC1CC2(CC(NC(=O)CCc3cncc4ccccc34)C2)C1,0.8434248898079684,<rdkit.DataStructs.cDataStructs.ExplicitBitVect object at 0x7f2f09b5bb00>,324.4240000000001,3.241200000000002,51.22,3.039593567217069,298.9786376953125,0.604953408241272,-3.039593567217069,0.9871548917469765,0.917617885065204,0.8695957948367901,0.6846194937718738,0.9176187007259088,0.9871536593138674
HC,N#Cc1ccccc1NC(CNC(=O)c1nccc(Cl)c1F)C1CC1,N#Cc1ccccc1NC(CNC(=O)c1nccc(Cl)c1F)C1CC1,0.8880708775492284,<rdkit.DataStructs.cDataStructs.ExplicitBitVect object at 0x7f2f09b2c770>,358.8040000000001,3.3662800000000015,77.81,3.1030050763267703,328.444580078125,0.9277315735816956,-3.1030050763267703,0.9706264763123291,0.09142708080101344,0.9156311547302804,0.6707179032787737,0.09142716206956486,0.9706236580485662
HC,O=C(NC1CCCc2ccccc21)N1CCCC[C@H](N2CCOCC2)C1,O=C(NC1CCCc2ccccc21)N1CCCC[C@H](N2CCOCC2)C1,0.0011511063819546682,<rdkit.DataStructs.cDataStructs.ExplicitBitVect object at 0x7f2f09b2ca40>,357.4980000000002,2.960300000000002,44.81,2.986964213780796,225.3580322265625,0.28949010372161865,-2.986964213780796,0.9996498191054248,0.9999197809954942,0.001110658533387286,0.6961573317709975,0.9999206698134723,0.9996497855070682
HC,CC1CN(c2ccc3nnc(Cl)c(C(C)C)c3n2)CCN1C,CC(C)c1c(Cl)nnc2ccc(N3CCN(C)C(C)C3)nc12,0.0007304839621849885,<rdkit.DataStructs.cDataStructs.ExplicitBitVect object at 0x7f2f09b2fd30>,319.8400000000001,2.9419000000000013,45.150000000000006,3.2624385340329765,261.7557678222656,0.13178591430187225,-3.2624385340329765,0.9992501457257829,0.9999500012499791,0.0006769464474191891,0.6357655946040763,0.9999508900948197,0.9992500737804776
HC,O=C(CNC1(C2CC2)CCCC1)Nc1ccc(Cl)cn1,O=C(CNC1(C2CC2)CCCC1)Nc1ccc(Cl)cn1,0.0017806535015544545,<rdkit.DataStructs.cDataStructs.ExplicitBitVect object at 0x7f2f09b88ea0>,293.798,2.985900000000001,54.02,2.6288777387112763,276.0074768066406,0.6337112784385681,-2.6288777387112763,0.9999558209759218,0.8346015205890004,0.0017597970044329805,0.7746599822744307,0.8346022624573483,0.9999558167371336
HC,CC(C)C(=O)Nc1cccc(C(=O)N2CCN(C(C)C)CC2)c1,CC(C)C(=O)Nc1cccc(C(=O)N2CCN(C(C)C)CC2)c1,0.41511084969592926,<rdkit.DataStructs.cDataStructs.ExplicitBitVect object at 0x7f2f09bb3f60>,317.4330000000001,2.4473000000000003,52.650000000000006,1.8798123004463605,300.8065185546875,0.22411313652992249,-1.8798123004463605,0.9343690015007491,0.8780515272466161,0.42795272719399796,0.9388762439829896,0.8780523077372092,0.9343627044876034
HC,CN(C)C(=O)c1ccc(CNC(=O)N2CCc3ccccc32)cc1,CN(C)C(=O)c1ccc(CNC(=O)N2CCc3ccccc32)cc1,0.532805866163058,<rdkit.DataStructs.cDataStructs.ExplicitBitVect object at 0x7f2f09b9cd60>,323.39599999999996,2.660700000000001,52.650000000000006,1.9455816727682986,290.38763427734375,0.30558064579963684,-1.9455816727682986,0.9747412576228696,0.8780515272466161,0.5493103836117397,0.9244577434009251,0.8780523077372092,0.9747388341547458
HC,COC(=O)N1CCC2(CC1)CN(C(=O)Nc1ccc(C)cc1C)C2,COC(=O)N1CCC2(CC1)CN(C(=O)Nc1ccc(C)cc1C)C2,0.8375975862852165,<rdkit.DataStructs.cDataStructs.ExplicitBitVect object at 0x7f2f09bb0720>,331.4160000000001,2.9995400000000014,61.88,2.717849860923362,298.43572998046875,0.6828840970993042,-2.717849860923362,0.9999999529777789,0.5308968378824568,0.8635871470623661,0.755154784784891,0.5308973097909664,0.9999999529732673
HC,Cc1nc(N[C@H]2C[C@@H](NC(=O)CC3(C)CC3)C2)cc(-c2ccco2)n1,Cc1nc(N[C@H]2C[C@@H](NC(=O)CC3(C)CC3)C2)cc(-c2ccco2)n1,0.8810146169356332,<rdkit.DataStructs.cDataStructs.ExplicitBitVect object at 0x7f2f09bb36f0>,340.427,3.2943200000000017,80.05,2.8588855218909277,295.5619201660156,0.8933126330375671,-2.8588855218909277,0.9809342588475563,0.06521892733974698,0.908355305022762,0.7242357918256959,0.0652189853121516,0.9809324295713695
HC,Cc1cnc2c(c1)N(C(=O)N1CCOc3c(F)cccc31)CC2,Cc1cnc2c(c1)N(C(=O)N1CCOc3c(F)cccc31)CC2,0.6762193256902642,<rdkit.DataStructs.cDataStructs.ExplicitBitVect object at 0x7f2f09be4220>,313.33200000000005,2.9106200000000015,45.67,2.8159271855612467,299.8006286621094,0.4057219624519348,-2.8159271855612467,0.9982262894648471,0.9990029418375814,0.6971868347089131,0.7336534702298946,0.9990038298405911,0.9982261192849198
HC,CS(=O)(=O)Nc1ccc(-c2cncc(Br)c2)cc1,CS(=O)(=O)Nc1ccc(-c2cncc(Br)c2)cc1,0.5520654335446017,<rdkit.DataStructs.cDataStructs.ExplicitBitVect object at 0x7f2f09a252b0>,327.20300000000003,2.882600000000001,59.06,1.9514225029149905,290.3519592285156,0.3070478141307831,-1.9514225029149905,0.9969418501402054,0.6444894094786903,0.5691693039908918,0.9231772687681801,0.6444899823584196,0.9969415567238273
HC,Cc1cc(C(=O)OCC(=O)CCc2ccccc2)c(C)n1C,Cc1cc(C(=O)OCC(=O)CCc2ccccc2)c(C)n1C,0.0005354481806937087,<rdkit.DataStructs.cDataStructs.ExplicitBitVect object at 0x7f2f09a27920>,299.37,3.0006400000000015,48.300000000000004,2.0674307972876402,275.53204345703125,0.03222626820206642,-2.0674307972876402,0.9999999089777819,0.9760904721403703,0.00047584120040140176,0.8977449801377103,0.9760913397767311,0.9999999089690488
HC,CC(O)[C@@H]1CCCN1C(=O)c1ccn2cc(Br)ccc12,CC(O)[C@@H]1CCCN1C(=O)c1ccn2cc(Br)ccc12,0.0005169329454841032,<rdkit.DataStructs.cDataStructs.ExplicitBitVect object at 0x7f2f09a3d080>,337.21700000000004,2.6872000000000007,44.95,3.469283686541739,279.1464538574219,0.034740325063467026,-3.469283686541739,0.9784916011698014,0.9999944444598765,0.00045674977562821666,0.5904193057989149,0.9999953333442222,0.9784895375310747
HC,CN(C)CCOc1ccc(N(C)C(=O)c2scnc2C2CC2)cc1,CN(C)CCOc1ccc(N(C)C(=O)c2scnc2C2CC2)cc1,0.6084214346428709,<rdkit.DataStructs.cDataStructs.ExplicitBitVect object at 0x7f2f09a6da30>,345.4680000000001,3.2375000000000016,45.67,2.58033865932871,292.0710144042969,0.33051255345344543,-2.58033865932871,0.987543510193352,0.9990029418375814,0.6272790899755157,0.785301116888041,0.9990038298405911,0.9875423150465181
HC,NC1CC(CCNc2nc(-c3ccccc3)cs2)C1,NC1CC(CCNc2nc(-c3ccccc3)cs2)C1,0.5716068589043676,<rdkit.DataStructs.cDataStructs.ExplicitBitVect object at 0x7f2f09a6eca0>,273.4050000000001,3.349400000000002,50.94,2.230634118349691,316.5645751953125,0.2988247871398926,-2.230634118349691,0.9732357163011278,0.9245871180336797,0.5893188536991903,0.8619662111354842,0.9245879398892609,0.973233148382764
HC,COCc1cc(CN(CCN2CCN(C)CC2)CC2CC2)on1,COCc1cc(CN(CCN2CCN(C)CC2)CC2CC2)on1,0.00033168739153803225,<rdkit.DataStructs.cDataStructs.ExplicitBitVect object at 0x7f2f09ab3c40>,322.45300000000003,1.2804000000000004,44.980000000000004,2.5306083044423637,248.14077758789062,-0.011875868774950504,-2.5306083044423637,0.5183438364472118,0.9999991111115062,0.00026573942562771116,0.7962034126765,1.0,0.518297623601713
HC,CCOc1ccc(CNC(=O)COc2ccccc2OC)cc1F,CCOc1ccc(CNC(=O)COc2ccccc2OC)cc1F,0.0007195702789088361,<rdkit.DataStructs.cDataStructs.ExplicitBitVect object at 0x7f2f09adc6d0>,333.35900000000004,2.9282000000000012,56.790000000000006,1.7456635732207886,244.6644744873047,0.12754185497760773,-1.7456635732207886,0.9988550470704595,0.7342556602841441,0.0006656931330050716,0.9682854269096135,0.7342563129561319,0.9988549372171308
HC,COC(=O)CCC1CCN(C(=O)c2ccc(SC)nc2)C1(C)C,COC(=O)CCC1CCN(C(=O)c2ccc(SC)nc2)C1(C)C,0.2820001731787161,<rdkit.DataStructs.cDataStructs.ExplicitBitVect object at 0x7f2f09af4db0>,336.4570000000001,2.9974000000000016,59.5,3.382403283453632,291.74835205078125,0.07142461091279984,-3.382403283453632,0.9999984977789061,0.626740799202993,0.29069967917882744,0.6094659394867661,0.6267413563061728,0.9999984976347744
HC,O=C(CN1CCc2ccccc21)NCC(c1ccccc1)N1CCCC1,O=C(CN1CCc2ccccc21)NCC(c1ccccc1)N1CCCC1,0.001503132005343818,<rdkit.DataStructs.cDataStructs.ExplicitBitVect object at 0x7f2f09af4400>,349.4780000000002,3.0024000000000015,35.580000000000005,2.4787739190243787,248.95599365234375,0.4180947244167328,-2.4787739190243787,0.9999987200008192,0.8210329798462791,0.0014736391075514722,0.8075669712742893,0.8210337096536965,0.9999987198780087
HC,CCN(C(=O)C1CC(n2cc(-c3cccc(C#N)c3)nn2)C1)C(C)C,CCN(C(=O)C1CC(n2cc(-c3cccc(C#N)c3)nn2)C1)C(C)C,0.8532534776959532,<rdkit.DataStructs.cDataStructs.ExplicitBitVect object at 0x7f2f09905300>,337.4270000000001,3.0247800000000016,74.81,2.7438659518957067,294.9394836425781,0.8477091193199158,-2.7438659518957067,0.9998635541095874,0.1387964387181393,0.8797302459612756,0.7494513241985312,0.13879656209280541,0.9998635410181888
HC,O=C(CC1(OCc2ccccc2)CCCC1)N1CCc2ccncc21,O=C(CC1(OCc2ccccc2)CCCC1)N1CCc2ccncc21,0.8210110821511034,<rdkit.DataStructs.cDataStructs.ExplicitBitVect object at 0x7f2f09ade9d0>,336.43500000000006,3.890400000000003,42.43,2.6824655812909874,290.27978515625,0.48057153820991516,-2.6824655812909874,0.8384666432207831,0.9854296346918991,0.8464844750011293,0.7629120164333546,0.9854305106297415,0.8384511447872021
HC,CCC1(NC(=O)c2cnn(-c3ccccc3F)c2C)CC1,CCC1(NC(=O)c2cnn(-c3ccccc3F)c2C)CC1,0.0007679270778896843,<rdkit.DataStructs.cDataStructs.ExplicitBitVect object at 0x7f2f09af7920>,287.3380000000001,2.9922200000000014,46.92,2.4462587397955655,275.3736267089844,0.1458021104335785,-2.4462587397955655,0.9999865493349055,0.991841462993374,0.0007155547836707868,0.8146952152286595,0.9918423446306218,0.9999865480443717
HC,NCc1ccccc1NC(=O)CNc1cccc(Cl)c1,NCc1ccccc1NC(=O)CNc1cccc(Cl)c1,0.00127279961137079,<rdkit.DataStructs.cDataStructs.ExplicitBitVect object at 0x7f2f09ac1170>,289.76599999999996,2.8493000000000004,67.14999999999999,1.7952979816262555,261.6404113769531,0.33879929780960083,-1.7952979816262555,0.9949659380196865,0.3361249805621899,0.0012361388261571315,0.957404165294685,0.3361252793400825,0.9949654550230052
HC,O=C(NC[C@@H]1C[C@H]1C1CCCCC1)c1ccnc2c1CCN2,O=C(NC[C@@H]1C[C@H]1C1CCCCC1)c1ccnc2c1CCN2,0.0013098803343201625,<rdkit.DataStructs.cDataStructs.ExplicitBitVect object at 0x7f2f09ac38d0>,299.418,2.995800000000001,54.02,3.4461627276269997,271.4836120605469,0.3431735932826996,-3.4461627276269997,0.9999960800076831,0.8346015205890004,0.001274373492080036,0.5954880718187306,0.8346022624573483,0.9999960796315768
HC,Cc1ccc2c(c1C)CCCN2C(=O)c1ccc2c(c1)NC(=O)CN2C,Cc1ccc2c(c1C)CCCN2C(=O)c1ccc2c(c1)NC(=O)CN2C,0.7815298155390697,<rdkit.DataStructs.cDataStructs.ExplicitBitVect object at 0x7f2f099201d0>,349.4340000000001,3.284740000000001,52.650000000000006,2.5354242207597615,315.3846435546875,0.48242366313934326,-2.5354242207597615,0.9821442555323957,0.8780515272466161,0.8057745610874962,0.7951476280494904,0.8780523077372092,0.9821425423502073
HC,Cc1nc(CC(=O)NC2(C(C)(F)F)CCC2)c(C)s1,Cc1nc(CC(=O)NC2(C(C)(F)F)CCC2)c(C)s1,0.0006445133777782025,<rdkit.DataStructs.cDataStructs.ExplicitBitVect object at 0x7f2f099203b0>,288.3629999999999,2.9965400000000013,41.99,3.153374789678363,262.7218017578125,0.08990432322025299,-3.153374789678363,0.9999973396479832,0.9800677710699421,0.0005883004795809069,0.6596754420899491,0.9800686422416813,0.9999973393927337
HC,Cc1nccc2ccc(C(=O)NCC3CCCN(CC4CCC4)C3)cc12,Cc1nccc2ccc(C(=O)NCC3CCCN(CC4CCC4)C3)cc12,0.8740945779592657,<rdkit.DataStructs.cDataStructs.ExplicitBitVect object at 0x7f2f09922cf0>,351.49400000000014,3.7851200000000027,45.230000000000004,2.7270476373060966,303.579345703125,0.5754995346069336,-2.7270476373060966,0.8719870040857917,0.999882451353828,0.901219916136301,0.7531383728982305,0.9998833401386242,0.8719747217872358
HC,COc1ccc2c(c1)OCCN(c1nccc(C(C)C)n1)C2,COc1ccc2c(c1)OCCN(c1nccc(C(C)C)n1)C2,0.001724772393001068,<rdkit.DataStructs.cDataStructs.ExplicitBitVect object at 0x7f2f09934810>,299.374,3.007600000000001,47.480000000000004,2.3860134670768662,267.7637023925781,0.5529561042785645,-2.3860134670768662,0.9999871645268198,0.9864254214105808,0.0017021768895323767,0.827902677442366,0.9864262982335673,0.9999871632953112
HC,COc1cccc(N2CCC(N(C)C(=O)c3cnc(OC)s3)CC2)c1,COc1cccc(N2CCC(N(C)C(=O)c3cnc(OC)s3)CC2)c1,0.7405196141856012,<rdkit.DataStructs.cDataStructs.ExplicitBitVect object at 0x7f2f09934900>,361.46700000000016,2.901300000000001,54.900000000000006,2.481400531951291,294.53765869140625,0.47442612051963806,-2.481400531951291,0.9978375215328458,0.8042862828384738,0.7634881323595081,0.8069911436712804,0.8042869977599316,0.9978373140523008
HC,CCN(CC)c1ccc(C(=O)N2CCC(CC#N)C2)cc1,CCN(CC)c1ccc(C(=O)N2CCC(CC#N)C2)cc1,0.8409173816547366,<rdkit.DataStructs.cDataStructs.ExplicitBitVect object at 0x7f2f0997b420>,285.39099999999996,2.9085800000000015,47.34,2.6906126626683484,307.02301025390625,0.8579794764518738,-2.6906126626683484,0.9981444755291158,0.9879057307570569,0.8670102536468657,0.7611259465130488,0.9879066088958746,0.9981442974994917
HC,CN(Cc1ccc(C#N)cc1Cl)C(=O)c1nc(C2CC2)co1,CN(Cc1ccc(C#N)cc1Cl)C(=O)c1nc(C2CC2)co1,0.8736906894355423,<rdkit.DataStructs.cDataStructs.ExplicitBitVect object at 0x7f2f09953830>,315.7600000000001,3.349280000000002,70.13,2.7720434076281197,292.2331237792969,0.6991211771965027,-2.7720434076281197,0.9732538492788564,0.2457671124302343,0.9008034587011063,0.7432740315236037,0.24576733088998612,0.9732512831002741
HC,OC1(Cn2ccc3ccc32)CN(CC2(C(F)(F)F)CCCCC2)C1,OC1(Cn2ccc3c2C=C3)CN(CC2(C(F)(F)F)CCCCC2)C1,0.8855322910308254,<rdkit.DataStructs.cDataStructs.ExplicitBitVect object at 0x7f2f09993650>,340.3890000000002,3.5314000000000023,28.4,3.7044190267225092,297.2521057128906,0.6786947250366211,-3.7044190267225092,0.939175951483992,0.5420724821630403,0.9130135680241083,0.5388710102995296,0.5420729640054602,0.9391701156771045
HC,COC(=O)c1cncc(NC(=O)c2cccc(OCC3CC3)c2)c1,COC(=O)c1cncc(NC(=O)c2cccc(OCC3CC3)c2)c1,0.6956263148966999,<rdkit.DataStructs.cDataStructs.ExplicitBitVect object at 0x7f2f09990a40>,326.35200000000015,2.909300000000001,77.52,2.0013490935827782,319.69500732421875,0.4241807460784912,-2.0013490935827782,0.9981735610843799,0.09535848146751455,0.7171977646438711,0.9122319525641531,0.0953585662306459,0.9981733858453904
HC,Cc1ccccc1CN1CCC(Nc2nccc(C#N)c2F)CC1,Cc1ccccc1CN1CCC(Nc2nccc(C#N)c2F)CC1,0.7939316559960913,<rdkit.DataStructs.cDataStructs.ExplicitBitVect object at 0x7f2f09991530>,324.4030000000001,3.4773000000000023,51.95,2.372495011347878,291.272705078125,0.4794348478317261,-2.372495011347878,0.9506345024651237,0.8982212242134152,0.8185623437677529,0.8308663040502486,0.898222022632636,0.9506297660571149
HC,CC(=O)c1ccc(N2CCCN(C(=O)N(C)C(C)C)CC2)s1,CC(=O)c1ccc(N2CCCN(C(=O)N(C)C(C)C)CC2)s1,0.6289940971334477,<rdkit.DataStructs.cDataStructs.ExplicitBitVect object at 0x7f2f09991f30>,323.46200000000005,2.923000000000002,43.86000000000001,2.5822156648790653,295.24603271484375,0.3643752634525299,-2.5822156648790653,0.9986833120396886,0.9971161662603151,0.6484919686603737,0.7848896243548926,0.9971170525861901,0.9986831857091195
HC,CCN1CC(C)C(NC2CCN(C(=O)OC(C)(C)C)C2C2CC2)C1,CCN1CC(C)C(NC2CCN(C(=O)OC(C)(C)C)C2C2CC2)C1,0.1996738100308321,<rdkit.DataStructs.cDataStructs.ExplicitBitVect object at 0x7f2f099929d0>,337.5080000000001,2.7042,44.81,3.963667247863559,323.9307556152344,-0.022240333259105682,-3.963667247863559,0.980743893764054,0.9999197809954942,0.20581133986827108,0.48203649150369554,0.9999206698134723,0.980742046223153
HC,CN1CCC(CN(C)C(=O)c2csc(-c3ccccc3F)n2)C1,CN1CCC(CN(C)C(=O)c2csc(-c3ccccc3F)n2)C1,0.44940778919887286,<rdkit.DataStructs.cDataStructs.ExplicitBitVect object at 0x7f2f09992de0>,333.4320000000001,2.972900000000001,36.44,2.7555474592778086,310.3547058105469,0.2244303971529007,-2.7555474592778086,0.999836811094536,0.8497354423637897,0.4633169790146413,0.7468904084555047,0.8497361976845185,0.9998367954372597
HC,CCOc1ccc(Oc2ccc(COC(=O)CCNC(N)=O)cc2)cc1,CCOc1ccc(Oc2ccc(COC(=O)CCNC(N)=O)cc2)cc1,0.0006739610585219079,<rdkit.DataStructs.cDataStructs.ExplicitBitVect object at 0x7f2f099d62a0>,358.394,2.9792000000000005,99.88,1.9072920674262388,223.3022003173828,0.10464884340763092,-1.9072920674262388,0.9999038623992931,0.0012396565805546076,0.0006186645649030076,0.932851904351848,0.0012396576824709909,0.9999038531753022
HC,Cc1ccncc1-c1cn(C(C(=O)N2CCC3(CC2)CC3)C(C)C)nn1,Cc1ccncc1-c1cn(C(C(=O)N2CCC3(CC2)CC3)C(C)C)nn1,0.8682441579670453,<rdkit.DataStructs.cDataStructs.ExplicitBitVect object at 0x7f2f09967290>,353.4700000000001,3.2482200000000017,63.910000000000004,3.7335599727143913,290.94390869140625,0.7294804453849792,-3.7335599727143913,0.9864014913708545,0.45174373304563264,0.895187432513567,0.5324824933970244,0.4517441345957955,0.986400186652207
HC,Cc1ncc(N2CCN(c3ccc(F)cc3Cl)CC2)nn1,Cc1ncc(N2CCN(c3ccc(F)cc3Cl)CC2)nn1,0.0011949740503130642,<rdkit.DataStructs.cDataStructs.ExplicitBitVect object at 0x7f2f09936de0>,307.7600000000001,2.2991200000000003,45.150000000000006,2.3461682358167852,281.8550720214844,0.3507220149040222,-2.3461682358167852,0.8965844069213943,0.9999500012499791,0.0011558913527902426,0.8366378754507,0.9999508900948197,0.8965744846382663
HC,O=C(NC1CN(C(=O)c2c(Cl)cccc2Cl)C1)c1ccccc1,O=C(NC1CN(C(=O)c2c(Cl)cccc2Cl)C1)c1ccccc1,0.3138192655952502,<rdkit.DataStructs.cDataStructs.ExplicitBitVect object at 0x7f2f09937100>,349.21700000000016,3.2478000000000025,49.410000000000004,1.9016508306661404,292.5780334472656,0.09573692828416824,-1.9016508306661404,0.9864471580822444,0.9577025881442325,0.32350897392146927,0.9340886224873182,0.9577034394358003,0.9864458577451222
HC,O=C(c1ccc(=O)n(-c2ccc(F)cc2F)c1)N1CC(C2CCC2)C1,O=C(c1ccc(=O)n(-c2ccc(F)cc2F)c1)N1CC(C2CCC2)C1,0.0004895577706554059,<rdkit.DataStructs.cDataStructs.ExplicitBitVect object at 0x7f2f098198f0>,344.3610000000002,2.987800000000002,42.31,2.3642666207920264,364.7821044921875,0.005247547756880522,-2.3642666207920264,0.9999669249914346,0.9840483743413634,0.00042852269209520637,0.8326701992347466,0.9840492490514182,0.9999669218180292
HC,Cc1ccncc1C(=O)Nc1ccc2c(c1)CN(C1CC1)CC2,Cc1ccncc1C(=O)Nc1ccc2c(c1)CN(C1CC1)CC2,0.4302784917718301,<rdkit.DataStructs.cDataStructs.ExplicitBitVect object at 0x7f2f099eb880>,307.39700000000016,3.1628200000000017,45.230000000000004,2.215709003743065,300.01275634765625,0.20143593847751617,-2.215709003743065,0.9941261296075968,0.999882451353828,0.44359238255891775,0.8652382170258496,0.9998833401386242,0.9941255660348961
HC,COc1ccccc1CCNC(=O)c1cccc(CN2CCOCC2)c1,COc1ccccc1CCNC(=O)c1cccc(CN2CCOCC2)c1,0.0006287920582007545,<rdkit.DataStructs.cDataStructs.ExplicitBitVect object at 0x7f2f0981bdd0>,354.45000000000016,2.4999000000000002,50.8,1.848457829544632,245.79615783691406,0.10497517138719559,-1.848457829544632,0.9459384457167174,0.9279702957896825,0.0005720899164068382,0.9457500279493922,0.9279711206525342,0.9459332587421813
HC,CNC(=O)CCN(C)c1nccc2sc(Br)cc12,CNC(=O)CCN(C)c1nccc2sc(Br)cc12,0.46127694667836894,<rdkit.DataStructs.cDataStructs.ExplicitBitVect object at 0x7f2f098321b0>,328.23500000000007,2.631100000000001,45.230000000000004,2.7793089644534543,315.5081481933594,0.25121068954467773,-2.7793089644534543,0.9702111000720222,0.999882451353828,0.47555550175419203,0.7416812166370282,0.9998833401386242,0.9702082419546885
HC,CNC(=O)c1ccc(S(=O)(=O)Nc2ccc(Cl)cc2C)cc1,CNC(=O)c1ccc(S(=O)(=O)Nc2ccc(Cl)cc2C)cc1,0.0008820184487675388,<rdkit.DataStructs.cDataStructs.ExplicitBitVect object at 0x7f2f099d6fc0>,338.81600000000003,2.8088200000000008,75.27,1.767985664879065,287.11114501953125,0.19981011748313904,-1.767985664879065,0.99191071966138,0.13052871997446153,0.0008331966499352843,0.9633917951140674,0.13052883600004106,0.9919099435295856
HC,CCN(C(=O)Nc1ccccc1OC(F)F)C1CCN(C)CC1,CCN(C(=O)Nc1ccccc1OC(F)F)C1CCN(C)CC1,0.0014397056457837792,<rdkit.DataStructs.cDataStructs.ExplicitBitVect object at 0x7f2f0985d2b0>,327.3750000000001,3.2360000000000024,44.81000000000001,2.265932321050757,278.5000305175781,0.3764372169971466,-2.265932321050757,0.987699389778551,0.9999197809954942,0.0014082389352895897,0.8542278499770429,0.9999206698134723,0.9876982095876955
HC,COC[C@@H]1CN(c2cc(-c3ccc(OC(F)F)cc3F)ncn2)C1,COCC1CN(c2cc(-c3ccc(OC(F)F)cc3F)ncn2)C1,0.8076131906318363,<rdkit.DataStructs.cDataStructs.ExplicitBitVect object at 0x7f2f09874130>,339.31700000000006,2.9667000000000012,47.480000000000004,2.5658807948051745,298.1579895019531,0.5791159272193909,-2.5658807948051745,0.9997536103589145,0.9864254214105808,0.8326696443946737,0.7884706883874861,0.9864262982335673,0.999753586718884
HC,Cc1ccc2c(c1)N(CC(=O)N1CCC(c3ccccc3)=N1)CCC2,Cc1ccc2c(c1)N(CC(=O)N1CCC(c3ccccc3)=N1)CCC2,0.8739200203162785,<rdkit.DataStructs.cDataStructs.ExplicitBitVect object at 0x7f2f0985c950>,333.4350000000001,3.384220000000002,35.910000000000004,2.338816884227221,295.3280029296875,0.6808306574821472,-2.338816884227221,0.9677267085721515,0.8322536640111636,0.9010399263024184,0.8382494989683194,0.8322544037925269,0.9677236120880963
HC,Cc1nc2c(F)cc(NC(=O)CNCC3CC3)cc2s1,Cc1nc2c(F)cc(NC(=O)CNCC3CC3)cc2s1,0.6384006877536216,<rdkit.DataStructs.cDataStructs.ExplicitBitVect object at 0x7f2f09874cc0>,293.36699999999996,2.6819200000000007,54.02,2.3493748613255026,297.88360595703125,0.39082977175712585,-2.3493748613255026,0.9777675578662877,0.8346015205890004,0.6581912900659173,0.835934892738054,0.8346022624573483,0.9777654247587078
HC,CCOc1cc2c(cc1OCC)N(C(=O)c1cscn1)CC2,CCOc1cc2c(cc1OCC)N(C(=O)c1cscn1)CC2,0.570952745211116,<rdkit.DataStructs.cDataStructs.ExplicitBitVect object at 0x7f2f09876250>,318.398,3.1434000000000015,51.660000000000004,2.419485994549394,298.5614318847656,0.30749568343162537,-2.419485994549394,0.9954407451018127,0.9061340734022498,0.5886443841487661,0.8205645557634274,0.9061348788551175,0.9954403076608369
HC,CS(=O)(=O)C1(c2noc(-c3cc(C#N)ccc3Cl)n2)CCCC1,CS(=O)(=O)C1(c2noc(-c3cc(C#N)ccc3Cl)n2)CCCC1,0.8614601994925658,<rdkit.DataStructs.cDataStructs.ExplicitBitVect object at 0x7f2f09831080>,351.8150000000002,3.0755800000000013,96.85000000000001,2.9248621287430634,309.8780822753906,1.0750278234481812,-2.9248621287430634,0.9987313972687473,0.0025433524087397135,0.8881923589207268,0.7097718595922595,0.0025433546694973498,0.9987312755517499
HC,C[C@H]1CC[C@H](C(=O)NC2(CNC(=O)c3ccc[nH]3)CCCC2)CC1,C[C@H]1CC[C@H](C(=O)NC2(CNC(=O)c3ccc[nH]3)CCCC2)CC1,0.0008945909816290293,<rdkit.DataStructs.cDataStructs.ExplicitBitVect object at 0x7f2f098322a0>,331.46000000000026,2.9998000000000005,73.99000000000001,2.694803372551892,266.22601318359375,0.19595982134342194,-2.694803372551892,0.9999999911111112,0.15449396850295086,0.0008461604369256338,0.7602072247621499,0.15449410583098303,0.9999999911102584
HC,O=C(NC1CC1)c1ccc(CNc2ncccc2F)cc1,O=C(NC1CC1)c1ccc(CNc2ncccc2F)cc1,0.0007642481837620314,<rdkit.DataStructs.cDataStructs.ExplicitBitVect object at 0x7f2f098a0450>,285.322,2.7250000000000005,54.02,1.8917720819706307,285.79510498046875,0.15614768862724304,-1.8917720819706307,0.983334870049346,0.8346015205890004,0.0007117614032631666,0.9362543227028997,0.8346022624573483,0.98333327110152
HC,c1cc(-c2ncc3c(n2)CCNC3)cc(CNCC2CC2)c1,c1cc(CNCC2CC2)cc(-c2ncc3c(n2)CCNC3)c1,0.7488356166304846,<rdkit.DataStructs.cDataStructs.ExplicitBitVect object at 0x7f2f098a0720>,294.402,2.2889,49.84,2.450087854228176,297.6489562988281,0.6725608706474304,-2.450087854228176,0.8937138778143141,0.9492748621146138,0.7720629267541129,0.8138557653946982,0.9492757059148662,0.8937036801162155
HC,CC(Nc1cc(Cl)c2c(c1)OCCO2)c1cncn1C,CC(Nc1cc(Cl)c2c(c1)OCCO2)c1cncn1C,0.8291254753748768,<rdkit.DataStructs.cDataStructs.ExplicitBitVect object at 0x7f2f098a0c20>,293.75399999999996,3.017800000000001,48.309999999999995,3.1071289877682853,294.1126708984375,0.6308682560920715,-3.1071289877682853,0.9999295935897587,0.9759471058251797,0.8548513861452743,0.669813825629548,0.9759479733341038,0.9999295868345652
HC,CCn1c(-c2ccoc2C)nnc1N1CCC(C2CCC2)C1,CCn1c(-c2ccoc2C)nnc1N1CCC(C2CCC2)C1,0.8298467964775591,<rdkit.DataStructs.cDataStructs.ExplicitBitVect object at 0x7f2f098a1800>,300.4060000000001,3.4928200000000027,47.09,3.0650374171171038,291.2377624511719,0.5284516215324402,-3.0650374171171038,0.9474591503055957,0.990340070889781,0.8555951545831727,0.6790414845611755,0.9903409511924576,0.9474541092361503
HC,N#CC1CCC(CNC(=O)c2ccccc2-n2cccn2)CC1,N#CC1CCC(CNC(=O)c2ccccc2-n2cccn2)CC1,0.8419149677335663,<rdkit.DataStructs.cDataStructs.ExplicitBitVect object at 0x7f2f098d38d0>,308.3850000000001,2.932080000000001,70.71000000000001,2.4108577982321577,294.9677734375,0.8129410147666931,-2.4108577982321577,0.9989753860756808,0.23017900273391184,0.8680388843589872,0.8224560996421384,0.23017920733755998,0.9989752877683642
HC,CC1CCC(N(C)c2nnc(-c3cc(C#N)on3)n2CC2CC2)CC1,CC1CCC(N(C)c2nnc(-c3cc(C#N)on3)n2CC2CC2)CC1,0.8763194898914383,<rdkit.DataStructs.cDataStructs.ExplicitBitVect object at 0x7f2f0988c680>,340.4310000000002,3.229680000000002,83.77000000000001,3.2051545947898603,307.1335754394531,0.9936251044273376,-3.2051545947898603,0.9883455778890546,0.03542806809785074,0.9035140667803068,0.6483238490340689,0.035428099589479796,0.9883444596971801
HC,CN(C(=O)c1ccc(Cl)c2c1OCC2)c1ccc2c(c1)OCCO2,CN(C(=O)c1ccc(Cl)c2c1OCC2)c1ccc2c(c1)OCCO2,0.667275150130304,<rdkit.DataStructs.cDataStructs.ExplicitBitVect object at 0x7f2f0988cd10>,345.78200000000015,3.322700000000002,48.0,2.5544515330870077,319.7545166015625,0.3708396852016449,-2.5544515330870077,0.9771245279374315,0.9801986733067553,0.6879643186064682,0.7909763047696724,0.980199544594852,0.9771223331338846
HC,COc1cccc(OC)c1COC(=O)c1ccccc1Cl,COc1cccc(OC)c1COC(=O)c1ccccc1Cl,0.0007810347028540454,<rdkit.DataStructs.cDataStructs.ExplicitBitVect object at 0x7f2f0988d490>,306.745,3.7142000000000026,44.760000000000005,1.8141025513317768,256.7257385253906,0.12798050045967102,-1.8141025513317768,0.8928367946528059,0.9998720081916505,0.0007290703146985751,0.9532816734771055,0.9998728969671639,0.8928265128023353
HC,CC1CC1N1CC(Nc2ccc(C(F)(F)F)c(C#N)c2)CC1=O,CC1CC1N1CC(Nc2ccc(C(F)(F)F)c(C#N)c2)CC1=O,0.0012522508821084175,<rdkit.DataStructs.cDataStructs.ExplicitBitVect object at 0x7f2f098e6d90>,323.31800000000004,2.998280000000001,56.13,3.654956088509821,256.5215759277344,0.3226297199726105,-3.654956088509821,0.9999993425779938,0.7593579540854869,0.00121495062549665,0.549714680814116,0.7593586290706347,0.999999342514917
HC,CCN(C(=O)C1CC(c2ccccc2)=NO1)C1CCN(c2ccccc2)C1,CCN(C(=O)C1CC(c2ccccc2)=NO1)C1CCN(c2ccccc2)C1,0.0017011047683092662,<rdkit.DataStructs.cDataStructs.ExplicitBitVect object at 0x7f2f0988f150>,363.4610000000001,3.307000000000002,45.14000000000001,3.063575644614419,262.3035888671875,0.4904637336730957,-3.063575644614419,0.9792735847505428,0.9999564453929739,0.0016777727341841854,0.6793619463040311,0.9999573342435426,0.9792715961397908
HC,COc1cccc(N2CCCN(C(=O)c3cccc(CC#N)c3)CC2)c1,COc1cccc(N2CCCN(C(=O)c3cccc(CC#N)c3)CC2)c1,0.8584669003472968,<rdkit.DataStructs.cDataStructs.ExplicitBitVect object at 0x7f2f09877bf0>,349.43400000000014,3.113780000000002,56.57,2.0311704125405843,293.872314453125,0.7668498754501343,-2.0311704125405843,0.9971272701191355,0.7426892522813799,0.8851059090426341,0.9056942787264535,0.7426899124498973,0.9971269944930101
HC,CCc1ccc(C(=O)N2CCC(CCN(C)c3ccccc3)CC2)[nH]1,CCc1ccc(C(=O)N2CCC(CCN(C)c3ccccc3)CC2)[nH]1,0.9055103046929333,<rdkit.DataStructs.cDataStructs.ExplicitBitVect object at 0x7f2f09875c60>,339.483,3.9558000000000026,39.34,2.4838550823304875,290.738525390625,0.6384360194206238,-2.4838550823304875,0.816268511446962,0.9312847242277263,0.9336132925552839,0.8064530370295154,0.9312855520367379,0.8162508831977331
HC,CN1CCc2ccc(-c3ccccc3CC(=O)O)cc2CC1,CN1CCc2ccc(-c3ccccc3CC(=O)O)cc2CC1,0.0007099389683388648,<rdkit.DataStructs.cDataStructs.ExplicitBitVect object at 0x7f2f098e5fd0>,295.38200000000006,3.0111000000000008,40.540000000000006,2.0143826978460986,260.3516540527344,0.11985357850790024,-2.0143826978460986,0.9999726203748288,0.9567591840028757,0.000655762098420191,0.9093746190664698,0.9567600344558617,0.9999726177478712
HC,COc1cc(Cl)ccc1-c1ccc2c(c1)N(CCC1COC1)CCO2,COc1cc(Cl)ccc1-c1ccc2c(c1)N(CCC1COC1)CCO2,0.9061206705598867,<rdkit.DataStructs.cDataStructs.ExplicitBitVect object at 0x7f2f0988e1b0>,359.85300000000024,4.250900000000004,30.930000000000003,2.410637774638179,325.3357849121094,0.5929027199745178,-2.410637774638179,0.7062949149020044,0.6440866578831956,0.9342426528578209,0.8225043350168403,0.6440872304049233,0.706266735157309
HC,C=Cc1ccc(C(=O)O)cc1,C=Cc1ccc(C(=O)O)cc1,0.0009959269855200612,<rdkit.DataStructs.cDataStructs.ExplicitBitVect object at 0x7f2f098e7470>,148.161,2.0278,37.3,1.6849187978356905,281.2409973144531,0.29393407702445984,-1.6849187978356905,0.8105531129278452,0.8765552379512324,0.0009506499923214606,0.9816023941897659,0.87655601711179,0.8105349363106128
HC,COC(=O)c1ccccc1-c1ccc2c(c1)CCO2,COC(=O)c1ccccc1-c1ccc2c(c1)CCO2,0.0009498396340252676,<rdkit.DataStructs.cDataStructs.ExplicitBitVect object at 0x7f2f098fc400>,254.28499999999994,3.0751000000000017,35.53,1.8528078246433992,270.57720947265625,0.21331769227981567,-1.8528078246433992,0.9987474495414209,0.8193115300453617,0.0009031284137891107,0.9447963863887499,0.8193122583226008,0.9987473293645703
HC,Cc1cc(Cl)ccc1C(=O)N1CCN(c2cccc(=O)n2C)CC1,Cc1cc(Cl)ccc1C(=O)N1CCN(c2cccc(=O)n2C)CC1,0.5243511538826955,<rdkit.DataStructs.cDataStructs.ExplicitBitVect object at 0x7f2f098fcae0>,345.83000000000015,2.30952,45.550000000000004,2.2834998533585598,290.67724609375,0.32397186756134033,-2.2834998533585598,0.8994720928981182,0.9993280036685167,0.5405925627657087,0.8503765516315819,0.9993288919604704,0.899462447676089
HC,Cc1cncc(NC(=O)NCc2ccc(F)c(F)c2)c1,Cc1cncc(NC(=O)NCc2ccc(F)c(F)c2)c1,0.0006523922361736361,<rdkit.DataStructs.cDataStructs.ExplicitBitVect object at 0x7f2f098fce00>,277.27399999999994,2.9899200000000006,54.02,1.9977690920947353,260.7699279785156,0.09397939592599869,-1.9977690920947353,0.9999774210549082,0.8346015205890004,0.0005964245261108135,0.9130167898176769,0.8346022624573483,0.9999774188885551
HC,Cc1cc(C(C)NC[C@@H](C)c2cccc(=O)[nH]2)ccc1F,Cc1cc(C(C)NC[C@@H](C)c2cccc(=O)[nH]2)ccc1F,0.0005876783312273991,<rdkit.DataStructs.cDataStructs.ExplicitBitVect object at 0x7f2f098ff0b0>,288.36600000000004,3.276720000000002,44.89,3.2457555434127103,267.7515869140625,0.05111433193087578,-3.2457555434127103,0.9831275266046043,0.999973111472614,0.0005296967403671473,0.6394229764746442,0.9999740003379971,0.983125907763063
HC,CC(C)C(=O)NC1(C)CN(c2nc3ccc(F)cc3s2)C1,CC(C)C(=O)NC1(C)CN(c2nc3ccc(F)cc3s2)C1,0.44057272595792074,<rdkit.DataStructs.cDataStructs.ExplicitBitVect object at 0x7f2f0972c270>,307.39400000000006,2.7863000000000007,45.230000000000004,2.670915685209497,301.90966796875,0.22633863985538483,-2.670915685209497,0.9899029454526437,0.999882451353828,0.45420697077972216,0.7654440792689035,0.9998833401386242,0.9899019766835152
HC,C[C@@H]1CCCC[C@@H]1Nc1cn(C2CC2)nc1-c1ccccc1,C[C@@H]1CCCC[C@@H]1Nc1cn(C2CC2)nc1-c1ccccc1,0.9698934252684394,<rdkit.DataStructs.cDataStructs.ExplicitBitVect object at 0x7f2f098d0cc0>,295.43,4.875600000000004,29.85,3.0583400464139805,290.66351318359375,0.9870022535324097,-3.0583400464139805,0.4576044657020015,0.6004655547839324,1.0,0.6805097370314682,0.600466088531329,0.4575524251740845
HC,CC1CC(Nc2nc(-c3ccc(OC(F)(F)F)cc3)ns2)=NN1C,CC1CC(Nc2nc(-c3ccc(OC(F)(F)F)cc3)ns2)=NN1C,0.9025232038821528,<rdkit.DataStructs.cDataStructs.ExplicitBitVect object at 0x7f2f098d15d0>,357.361,3.5531000000000015,62.64000000000001,3.4530020057934188,310.2652893066406,0.8772118091583252,-3.4530020057934188,0.9342771637706201,0.50083027888079,0.9305332339023239,0.5939887092318306,0.5008307240634574,0.9342708579460377
HC,Cc1coc(-c2ccccc2NC(=O)N2CCS[C@H](C)C2)n1,Cc1coc(-c2ccccc2NC(=O)N2CCS[C@H](C)C2)n1,0.895696780449423,<rdkit.DataStructs.cDataStructs.ExplicitBitVect object at 0x7f2f098d2b10>,317.41400000000004,3.619220000000001,58.370000000000005,3.0872857687654562,294.5068359375,0.7014803886413574,-3.0872857687654562,0.9183217825857476,0.6721743279189696,0.9234943738521822,0.6741640186546818,0.6721749254075262,0.9183139459106926
HC,O=C(c1ccc2c(c1)OCCN2)N1CCCC12CCSCC2,O=C(c1ccc2c(c1)OCCN2)N1CCCC12CCSCC2,0.8245400882553963,<rdkit.DataStructs.cDataStructs.ExplicitBitVect object at 0x7f2f098d3100>,318.44200000000006,2.992700000000001,41.57,3.5053170789936896,296.2308044433594,0.623187243938446,-3.5053170789936896,0.9999881578478966,0.9741945789695587,0.8501233029069863,0.5825197703206219,0.9741954449206804,0.9999881567116928
HC,CCC(C)N1CCC(n2cc(-c3ccc(C#N)cc3)cn2)C1,CCC(C)N1CCC(n2cc(-c3ccc(C#N)cc3)cn2)C1,0.0018217371112313628,<rdkit.DataStructs.cDataStructs.ExplicitBitVect object at 0x7f2f09742250>,294.40200000000004,3.467080000000002,44.85,3.14979014943596,269.42169189453125,0.5617446303367615,-3.14979014943596,0.9526756037427445,0.9999500012499791,0.0018021591259333699,0.6604612962892044,0.9999508900948197,0.9526710631696593
HC,Cn1cc(-c2ccccc2-c2ccsc2C#N)nc1C#N,Cn1cc(-c2ccccc2-c2ccsc2C#N)nc1C#N,0.900087392960975,<rdkit.DataStructs.cDataStructs.ExplicitBitVect object at 0x7f2f09743ab0>,290.351,3.5589600000000026,65.4,2.9875936204321683,290.334716796875,0.8005753755569458,-2.9875936204321683,0.9329251701823267,0.39661073328996477,0.9280216211446721,0.6960193480887945,0.39661108583299487,0.9329187346397513
HC,Cn1cccc(NC(=O)c2cc(Cl)cc(Br)c2)c1=O,Cn1cccc(NC(=O)c2cc(Cl)cc(Br)c2)c1=O,0.5207826913556554,<rdkit.DataStructs.cDataStructs.ExplicitBitVect object at 0x7f2f09743b50>,341.59200000000004,3.0535000000000005,51.1,2.1156294168972973,292.058837890625,0.2748553156852722,-2.1156294168972973,0.9993641466848983,0.9206375232332187,0.5369130505629377,0.8871784839045581,0.9206383415780474,0.9993640856774967
NO-RL,CC(C)(CF)NS(=O)(=O)c1cc2ccccc2cc1F,CC(C)(CF)NS(=O)(=O)c1cc2ccccc2cc1F,0.0006553050898775839,<rdkit.DataStructs.cDataStructs.ExplicitBitVect object at 0x7f2f0975b010>,299.342,3.005300000000001,46.17,2.4333106671863085,282.4556579589844,0.09476988762617111,-2.4333106671863085,0.9999937577972604,0.9969626221939075,0.0005994280271052466,0.8175337977764651,0.996963508383299,0.9999937571983477
NO-RL,COC(=O)[C@@H]1[C@@H]2CC[C@H]([C@@H]2C(=O)N2CCCC(C)(CC#N)C2)C1(C)C,COC(=O)[C@@H]1[C@@H]2CC[C@H]([C@@H]2C(=O)N2CCCC(C)(CC#N)C2)C1(C)C,0.0018379368914740804,<rdkit.DataStructs.cDataStructs.ExplicitBitVect object at 0x7f2f0972c090>,346.4710000000001,3.000180000000001,70.4,5.126169048672622,360.1932067871094,0.9933761954307556,-5.126169048672622,0.9999999928000001,0.23842776446527203,0.0018188630393508741,0.22718332353412007,0.23842797640115607,0.9999999927993093
NO-RL,CC(C)(NC[C@@](C)(O)c1ccccc1)C(O)c1ccccc1,CC(C)(NC[C@@](C)(O)c1ccccc1)C(O)c1ccccc1,0.000563128305453111,<rdkit.DataStructs.cDataStructs.ExplicitBitVect object at 0x7f2f0972d580>,299.41400000000004,2.9959000000000016,52.489999999999995,3.061037528286618,228.8719024658203,0.04794525355100632,-3.061037528286618,0.9999962644514216,0.882790921076062,0.0005043827238319199,0.6799183729576201,0.8827917057794517,0.9999962640930118
NO-RL,C[C@@H](C(=O)N1CCCC(CN(C)CC2CCC3CC3C2)C1)C(C)(C)O,C[C@@H](C(=O)N1CCCC(CN(C)CC2CCC3CC3C2)C1)C(C)(C)O,0.0011365085291787616,<rdkit.DataStructs.cDataStructs.ExplicitBitVect object at 0x7f2f0975b2e0>,350.5470000000001,3.000000000000002,43.78,4.0527596564402835,387.9913024902344,0.28243452310562134,-4.0527596564402835,1.0,0.9966979083805702,0.001095606399025165,0.4625049238519158,0.9966987943346602,1.0
NO-RL,Cc1cccc2cc(C(=O)N(C)[C@H]3CC[C@@H](O)CC3)oc12,Cc1cccc2cc(C(=O)N(C)[C@H]3CC[C@@H](O)CC3)oc12,0.5304550265342037,<rdkit.DataStructs.cDataStructs.ExplicitBitVect object at 0x7f2f097df240>,287.35900000000004,3.1167200000000017,53.68000000000001,2.405835536990189,299.88665771484375,0.27906641364097595,-2.405835536990189,0.9969771207058048,0.8458378913254625,0.5468863864321191,0.8235571208938869,0.8458386431816999,0.9969768306734864
NO-RL,NC(=O)CCc1ccccc1Br,NC(=O)CCc1ccccc1Br,0.00041680220247812213,<rdkit.DataStructs.cDataStructs.ExplicitBitVect object at 0x7f2f09613b50>,228.08899999999997,1.867,43.09,1.7699191837854613,240.8290557861328,0.015200139954686165,-1.7699191837854613,0.7518155816899812,0.9919258833148381,0.0003535029885395985,0.962967913260051,0.9919267650271263,0.7517917694582557
NO-RL,CCOc1cc(C(=O)N[C@H]2C[C@H](c3cccc(C#N)c3)C2)ccn1,CCOc1cc(C(=O)N[C@H]2C[C@H](c3cccc(C#N)c3)C2)ccn1,0.8455520594400772,<rdkit.DataStructs.cDataStructs.ExplicitBitVect object at 0x7f2f09652390>,321.38000000000005,3.0279800000000012,75.00999999999999,2.3331538447140012,310.68292236328125,0.7206708192825317,-2.3331538447140012,0.999826041710276,0.13515492640244753,0.871789161464406,0.8394909968819367,0.13515504654021238,0.9998260250197233
NO-RL,CC1CC1C(=O)N(C)C[C@@H]1CCCN1C(=O)c1ccn2ccccc12,CC1CC1C(=O)N(C)C[C@@H]1CCCN1C(=O)c1ccn2ccccc12,0.000439464316128888,<rdkit.DataStructs.cDataStructs.ExplicitBitVect object at 0x7f2f0966aa20>,339.439,2.6583000000000006,45.03,3.6224178175757995,286.2178955078125,-0.013619797304272652,-3.6224178175757995,0.9743872958814442,0.999998000002,0.00037687034159058835,0.5568479871212688,0.9999988888895062,0.9743848384522078
NO-RL,COc1ccc(CNC(=O)N2CCN(CC(C)C)CC2)c(C)c1,COc1ccc(CNC(=O)N2CCN(CC(C)C)CC2)c(C)c1,0.0004636878049711618,<rdkit.DataStructs.cDataStructs.ExplicitBitVect object at 0x7f2f0966bce0>,319.44900000000007,2.48682,44.81,1.9959842441276798,253.1182098388672,0.011181804351508617,-1.9959842441276798,0.9431565030326181,0.9999197809954942,0.0004018476594448298,0.9134080788104608,0.9999206698134723,0.9431510491425992
NO-RL,Cc1nc(-c2ccccc2)ccc1C(=O)N1CC(OC(F)F)C1,Cc1nc(-c2ccccc2)ccc1C(=O)N1CC(OC(F)F)C1,0.554513697651586,<rdkit.DataStructs.cDataStructs.ExplicitBitVect object at 0x7f2f096c7240>,318.323,3.1206200000000015,42.43000000000001,2.3233484268199884,293.1483459472656,0.29652807116508484,-2.3233484268199884,0.9967720689190394,0.9854296346918993,0.5716937574744281,0.8416406209184892,0.9854305106297416,0.9967717592128804
NO-RL,CCc1ccc(NC(=O)NCC2CCN(C3CC3)C2)cc1F,CCc1ccc(NC(=O)NCC2CCN(C3CC3)C2)cc1F,0.0013362002724074124,<rdkit.DataStructs.cDataStructs.ExplicitBitVect object at 0x7f2f096f1d50>,305.397,2.993900000000002,44.370000000000005,2.614528413217778,243.74774169921875,0.3528048098087311,-2.614528413217778,0.9999917311452983,0.9991183888476703,0.0013015125001638729,0.777805758958561,0.9991192769532996,0.999991730351937
NO-RL,COc1ccc(C)cc1NC(=O)c1ccc(C(N)=O)cc1C,COc1ccc(C)cc1NC(=O)c1ccc(C(N)=O)cc1C,0.0008218211562802246,<rdkit.DataStructs.cDataStructs.ExplicitBitVect object at 0x7f2f096dddf0>,298.34200000000004,2.663240000000001,81.41999999999999,1.7198910494944482,280.497802734375,0.18318814039230347,-1.7198910494944482,0.9751132882191579,0.05246589182718065,0.0007711260325188356,0.9739354906890052,0.05246593846354866,0.9751109004457761
NO-RL,Cc1cc(NCC2CCCCN2C(=O)[C@@H]2C[C@@H]3C[C@@H]3C2)ncc1C#N,Cc1cc(NCC2CCCCN2C(=O)[C@@H]2C[C@@H]3C[C@@H]3C2)ncc1C#N,0.8514044194655436,<rdkit.DataStructs.cDataStructs.ExplicitBitVect object at 0x7f2f096de110>,338.45500000000004,3.1008000000000013,69.02000000000001,3.8437885498726683,326.2152404785156,0.7069467306137085,-3.8437885498726683,0.99774462718389,0.27744453983439976,0.8778236454937434,0.5083172817216407,0.27744478645187737,0.9977444107905302
NO-RL,COc1ccc(Cn2cc3c(cc2=O)OCCN3C)cc1F,COc1ccc(Cn2cc3c(cc2=O)OCCN3C)cc1F,0.6888776864015761,<rdkit.DataStructs.cDataStructs.ExplicitBitVect object at 0x7f2f0954a980>,304.32099999999997,1.8728999999999998,43.7,2.48753104949445,296.6189270019531,0.6732863187789917,-2.48753104949445,0.7540466974005252,0.9962514877233094,0.7102391204906503,0.8056471613943672,0.9962523732805809,0.754023099234794
NO-RL,COc1cc(C)ccc1CNC(=O)c1ccc(C(=O)O)c(C)c1,COc1cc(C)ccc1CNC(=O)c1ccc(C(=O)O)c(C)c1,0.0006323512264211305,<rdkit.DataStructs.cDataStructs.ExplicitBitVect object at 0x7f2f09591ee0>,313.35300000000007,2.940240000000001,75.63,1.7969507619848244,271.4476318359375,0.08619997650384903,-1.7969507619848244,0.999206702027349,0.12432178927141922,0.0005757598450664087,0.9570418292449292,0.12432189977972453,0.9992066259138069
NO-RL,Cc1cc(OCC(=O)N2CCN(c3cccnc3)CC2)ccc1Cl,Cc1cc(OCC(=O)N2CCN(c3cccnc3)CC2)ccc1Cl,0.5133936901156299,<rdkit.DataStructs.cDataStructs.ExplicitBitVect object at 0x7f2f095aaf20>,345.83000000000015,2.771020000000001,45.67,1.9938207638562382,297.0863037109375,0.28391313552856445,-1.9938207638562382,0.9884160960064189,0.9990029418375814,0.5292941054225738,0.9138823746787622,0.9990038298405911,0.9884149845804556
NO-RL,c1cc(CSc2nnc(N3CCCSCC3)s2)ns1,c1cc(CSc2nnc(N3CCCSCC3)s2)ns1,0.8421737551225833,<rdkit.DataStructs.cDataStructs.ExplicitBitVect object at 0x7f2f095abb00>,330.52899999999994,3.2302000000000017,41.910000000000004,3.0899614941318045,293.1011047363281,0.6041759848594666,-3.0899614941318045,0.9882930569313784,0.9790055181016938,0.8683057251478692,0.6735774242203715,0.9790063883292077,0.988291933700343
NO-RL,CCn1cc(C(=O)N2CCC(C(C)O)CC2)c2ccccc21,CCn1cc(C(=O)N2CCC(C(C)O)CC2)c2ccccc21,0.49140258859173896,<rdkit.DataStructs.cDataStructs.ExplicitBitVect object at 0x7f2f095ec450>,300.402,2.8942000000000014,45.47,2.6379775447314255,315.21990966796875,0.26053503155708313,-2.6379775447314255,0.9975156156481352,0.999509231577349,0.5066186462307277,0.7726650482532278,0.9995101200303942,0.9975153772820996
NO-RL,O=C(CNc1ccccc1)NCC(=O)Nc1ccc(Cl)cc1,O=C(CNc1ccccc1)NCC(=O)Nc1ccc(Cl)cc1,0.3957844203333789,<rdkit.DataStructs.cDataStructs.ExplicitBitVect object at 0x7f2f095d57b0>,317.77600000000007,2.5068,70.23,1.6210552253186243,303.336181640625,0.20410007238388062,-1.6210552253186243,0.9473802644353424,0.24303203817274602,0.4080248641054432,0.9956030897263247,0.24303225420131963,0.9473752157971357
NO-RL,COc1cccc2cc(C(=O)N3CC[C@@H](C)C3)oc12,COc1cccc2cc(C(=O)N3CC[C@@H](C)C3)oc12,0.39402455631068445,<rdkit.DataStructs.cDataStructs.ExplicitBitVect object at 0x7f2f095b9f30>,259.30499999999995,2.923400000000001,42.68,2.494375091366953,320.1944885253906,0.18163949251174927,-2.494375091366953,0.9986969474889268,0.9881103582002042,0.4062102335474217,0.8041467544687952,0.9881112365209129,0.9986968224666206
NO-RL,COc1ccc(C#N)cc1-c1cccc(NCC(O)CN2CCCC2)c1,COc1ccc(C#N)cc1-c1cccc(NCC(O)CN2CCCC2)c1,0.8479399038774991,<rdkit.DataStructs.cDataStructs.ExplicitBitVect object at 0x7f2f0944bdd0>,351.4500000000002,3.102480000000001,68.52,2.639488252690711,294.97979736328125,0.6814157366752625,-2.639488252690711,0.997668910020009,0.2924937441676403,0.8742513150331308,0.7723338584786976,0.2924940041621944,0.9976686863619117
NO-RL,COc1cccc(NC2CCN(C(=O)c3cc(C)ccn3)CC2)c1,COc1cccc(NC2CCN(C(=O)c3cc(C)ccn3)CC2)c1,0.46555908224655546,<rdkit.DataStructs.cDataStructs.ExplicitBitVect object at 0x7f2f09476340>,325.41200000000003,3.1153200000000014,54.46,2.0522856467993833,293.33929443359375,0.23074829578399658,-2.0522856467993833,0.9970490953035989,0.8196562595986998,0.4799708963275324,0.9010652240965773,0.8196569881823653,0.9970488121769348
NO-RL,Cc1cc(CN2CCN(Cc3ccncc3)CC2)cnn1,Cc1cc(CN2CCN(Cc3ccncc3)CC2)cnn1,0.00029476655274006153,<rdkit.DataStructs.cDataStructs.ExplicitBitVect object at 0x7f2f09476570>,283.379,1.49782,45.150000000000006,2.25129349636269,238.87667846679688,-0.0642859935760498,-2.25129349636269,0.6056491691075807,0.9999500012499791,0.00022766961941165647,0.8574370930461793,0.9999508900948197,0.6056113328347384
NO-RL,CCN(CC(=O)N1CCC2(CCCC2)C1)c1cccc2cc[nH]c12,CCN(CC(=O)N1CCC2(CCCC2)C1)c1cccc2cc[nH]c12,0.9128835358960784,<rdkit.DataStructs.cDataStructs.ExplicitBitVect object at 0x7f2f0945a340>,325.45599999999996,3.786900000000002,39.34,3.2219701606236626,304.58599853515625,0.7504718899726868,-3.2219701606236626,0.871444952588806,0.9312847242277263,0.9412159768991004,0.6446374029391357,0.9312855520367379,0.8714326182827312
NO-RL,CNC[C@@H]1CCCCN1C(=O)C1(CCc2ccccc2)CC1,CNC[C@@H]1CCCCN1C(=O)C1(CCc2ccccc2)CC1,0.0011321055820806762,<rdkit.DataStructs.cDataStructs.ExplicitBitVect object at 0x7f2f094a2b10>,300.4460000000001,2.999900000000001,32.34,2.7999011533808407,225.41661071777344,0.28091830015182495,-2.7999011533808407,0.9999999977777778,0.7003549507195691,0.001091066433296844,0.7371668282894833,0.7003555732575795,0.9999999977775647
NO-RL,O=C(c1ccccc1)N1CCN(c2ccc(Cl)cn2)CC1,O=C(c1ccccc1)N1CCN(c2ccc(Cl)cn2)CC1,0.0007992799592511851,<rdkit.DataStructs.cDataStructs.ExplicitBitVect object at 0x7f2f094e93a0>,301.77700000000004,2.697400000000001,36.440000000000005,1.7175122206843767,288.68585205078125,0.17221800982952118,-1.7175122206843767,0.979857458027499,0.84973544236379,0.0007478833589850857,0.9744569970280768,0.8497361976845187,0.9798555254368865
NO-RL,Cc1cc(Cl)cc(CNCc2nnn(C)c2C(F)F)c1,Cc1cc(Cl)cc(CNCc2nnn(C)c2C(F)F)c1,0.0005244669072717739,<rdkit.DataStructs.cDataStructs.ExplicitBitVect object at 0x7f2f094ce200>,300.74,3.0043200000000008,42.74,2.8125336974893393,227.12728881835938,0.02571547031402588,-2.8125336974893393,0.9999958528085996,0.9887139485364371,0.00046451819245279716,0.7343974184844183,0.9887148273936709,0.9999958524106944
NO-RL,CN1CCCC(NC2CCN(c3cnccn3)CC2)c2ccccc21,CN1CCCC(NC2CCN(c3cnccn3)CC2)c2ccccc21,0.7326721931221442,<rdkit.DataStructs.cDataStructs.ExplicitBitVect object at 0x7f2f094ce930>,337.4710000000001,3.0063000000000013,44.29,2.8879185482602416,298.88238525390625,0.4533752501010895,-2.8879185482602416,0.9999911800388961,0.9988804049924629,0.7553965014836133,0.7178709339469258,0.9988812928865508,0.9999911791926586
NO-RL,COCCN(CCc1ccccc1)C(=O)CCc1ccc(O)cc1,COCCN(CCc1ccccc1)C(=O)CCc1ccc(O)cc1,0.0004901435267863355,<rdkit.DataStructs.cDataStructs.ExplicitBitVect object at 0x7f2f09358db0>,327.42400000000004,3.042500000000002,49.769999999999996,1.904242168538513,240.8096160888672,0.0035282489843666553,-1.904242168538513,0.999598691656854,0.9506949837560605,0.0004291266768127904,0.9335205281707382,0.9506958288186439,0.9995986531530376
